;;mm;C;%;mm/10cm;mm/10cm;mm/10cm;mm/10cm;mm/10cm
Date;Hour;Rain ;Temperature ;RH ;Water mm   (-10cm);Water mm   (-30cm);Water mm   (-50cm);Water mm   (-70cm);Water mm   (-90cm)
10/1/2019;00:30:00;0;25.55;89.7;-8.16;33.6;29.6;20.25;20.63
10/1/2019;01:00:00;0;25.06;92.7;-8.14;33.58;29.61;20.25;20.64
10/1/2019;01:30:00;0;24.9;91.8;-8.16;33.56;29.6;20.26;20.64
10/1/2019;02:00:00;0;24.36;94.8;-8.14;33.54;29.6;20.26;20.64
10/1/2019;02:30:00;0;23.93;95.3;-8.11;33.54;29.6;20.26;20.64
10/1/2019;03:00:00;0;23.71;96;-8.11;33.54;29.6;20.27;20.63
10/1/2019;03:30:00;0;23.66;96.5;-8.13;33.53;29.6;20.26;20.64
10/1/2019;04:00:00;0;23.45;96.7;-8.16;33.51;29.61;20.27;20.64
10/1/2019;04:30:00;0;23.64;96.8;-8.2;33.49;29.6;20.27;20.66
10/1/2019;05:00:00;0;23.42;97.7;-8.2;33.49;29.58;20.27;20.64
10/1/2019;05:30:00;0;23.35;97.5;-8.21;33.47;29.6;20.28;20.66
10/1/2019;06:00:00;0;23.26;97.8;-8.21;33.47;29.6;20.27;20.64
10/1/2019;06:30:00;0;23.21;98.1;-8.14;33.47;29.6;20.27;20.64
10/1/2019;07:00:00;0;23.35;99;-8.02;33.46;29.58;20.27;20.64
10/1/2019;07:30:00;0;23.38;98.5;-7.91;33.44;29.6;20.26;20.64
10/1/2019;08:00:00;0;23.35;99;-7.84;33.44;29.56;20.25;20.62
10/1/2019;08:30:00;0;23.66;99.2;-7.73;33.42;29.55;20.23;20.61
10/1/2019;09:00:00;0;23.69;98.9;-7.66;33.4;29.53;20.21;20.58
10/1/2019;09:30:00;0;23.57;98.7;-7.7;33.39;29.52;20.18;20.57
10/1/2019;10:00:00;0;23.18;98.8;-7.54;33.39;29.5;20.16;20.54
10/1/2019;10:30:00;0;22.9;99;-7.55;33.39;29.47;20.13;20.51
10/1/2019;11:00:00;0;22.82;99;-7.46;33.35;29.45;20.1;20.49
10/1/2019;11:30:00;0;22.66;99.2;-7.52;33.35;29.42;20.09;20.47
10/1/2019;12:00:00;0;22.92;99.3;-7.43;33.33;29.39;20.04;20.45
10/1/2019;12:30:00;0;23.28;99.3;-7.41;33.33;29.37;20.01;20.42
10/1/2019;13:00:00;0;24.39;99.1;-7.54;33.3;29.35;19.98;20.41
10/1/2019;13:30:00;0;25.53;96.7;-7.77;33.28;29.34;19.98;20.42
10/1/2019;14:00:00;0;26.06;95.2;-7.86;33.26;29.32;19.96;20.43
10/1/2019;14:30:00;0;26.94;92.9;-7.82;33.28;29.32;19.98;20.43
10/1/2019;15:00:00;0;29.41;88.4;-7.88;33.26;29.32;19.98;20.45
10/1/2019;15:30:00;0;27.85;89.9;-7.86;33.25;29.31;19.98;20.46
10/1/2019;16:00:00;0;29.87;84;-7.86;33.23;29.31;19.96;20.46
10/1/2019;16:30:00;0;29.44;83.3;-7.89;33.23;29.32;19.98;20.47
10/1/2019;17:00:00;0;30.75;77.8;-7.91;33.21;29.31;19.99;20.49
10/1/2019;17:30:00;0;29.66;78.1;-7.95;33.19;29.31;19.98;20.49
10/1/2019;18:00:00;0;30.32;82.1;-7.84;33.26;29.32;20;20.5
10/1/2019;18:30:00;0;30.12;79.5;-7.86;33.74;29.34;20;20.5
10/1/2019;19:00:00;0;29.02;81.4;-7.98;34.4;29.34;20.01;20.49
10/1/2019;19:30:00;0;27.01;86;-8.04;34.93;29.35;20.01;20.49
10/1/2019;20:00:00;0.2;26.43;92.2;-8.04;35.09;29.37;20.01;20.51
10/1/2019;20:30:00;0;26.84;90.2;-8.04;35.11;29.37;20.02;20.5
10/1/2019;21:00:00;0;26.43;92.8;-8.02;35.09;29.39;20.02;20.51
10/1/2019;21:30:00;0;26.43;93.2;-8.04;35.09;29.39;20.02;20.53
10/1/2019;22:00:00;0;26.26;94.1;-8.05;35.05;29.39;20.02;20.53
10/1/2019;22:30:00;0;26.23;94.1;-8.04;35.05;29.4;20.02;20.54
10/1/2019;23:00:00;0;25.74;94.9;-8.05;35.04;29.42;20.02;20.54
10/1/2019;23:30:00;0;25.23;95.1;-8.05;35.02;29.44;20.02;20.54
10/2/2019;00:00:00;4.6;24.27;98.4;-8.07;35;29.45;20.04;20.55
10/2/2019;00:30:00;2.6;23.93;99;-8.09;34.98;29.47;20.05;20.55
10/2/2019;01:00:00;1.6;23.45;99.1;-8.11;34.96;29.48;20.04;20.55
10/2/2019;01:30:00;0;23.33;99.3;-8.13;34.96;29.5;20.05;20.55
10/2/2019;02:00:00;0;23.38;99.4;-8.14;34.95;29.52;20.05;20.55
10/2/2019;02:30:00;0;23.57;100;-8.16;34.93;29.53;20.06;20.57
10/2/2019;03:00:00;0;23.57;100;-8.14;34.91;29.55;20.06;20.57
10/2/2019;03:30:00;0;23.54;100;-8.14;34.91;29.55;20.06;20.57
10/2/2019;04:00:00;0;23.62;100;-8.16;34.89;29.58;20.06;20.58
10/2/2019;04:30:00;0;23.57;100;-8.18;34.88;29.58;20.06;20.58
10/2/2019;05:00:00;0;23.5;100;-8.21;34.86;29.6;20.06;20.58
10/2/2019;05:30:00;0;23.54;100;-8.21;34.86;29.61;20.06;20.58
10/2/2019;06:00:00;0;23.52;100;-8.2;34.84;29.63;20.06;20.58
10/2/2019;06:30:00;0;23.47;100;-8.14;34.82;29.63;20.07;20.58
10/2/2019;07:00:00;0;23.4;100;-8.09;34.82;29.63;20.07;20.57
10/2/2019;07:30:00;0;23.33;100;-8.02;34.81;29.65;20.07;20.58
10/2/2019;08:00:00;0;23.18;100;-7.95;34.81;29.66;20.07;20.57
10/2/2019;08:30:00;0;23.16;100;-7.88;34.81;29.65;20.06;20.55
10/2/2019;09:00:00;0;23.14;100;-7.86;34.77;29.65;20.05;20.54
10/2/2019;09:30:00;0;23.11;100;-7.82;34.77;29.65;20.04;20.53
10/2/2019;10:00:00;0;22.99;100;-7.79;34.77;29.61;20.01;20.51
10/2/2019;10:30:00;0;22.82;100;-7.64;34.75;29.61;20;20.49
10/2/2019;11:00:00;0;22.58;100;-7.68;34.74;29.58;19.98;20.47
10/2/2019;11:30:00;0;22.47;100;-7.63;34.74;29.6;19.98;20.49
10/2/2019;12:00:00;0;22.54;100;-7.59;35.32;29.58;19.98;20.47
10/2/2019;12:30:00;0;23.04;100;-7.57;35.51;29.61;20;20.47
10/2/2019;13:00:00;0;23.59;100;-7.39;35.81;29.63;19.99;20.49
10/2/2019;13:30:00;0;24.19;100;-7.63;36.19;30.15;20.01;20.49
10/2/2019;14:00:00;0;25.23;99.3;-7.68;36.21;31.16;20.1;20.5
10/2/2019;14:30:00;0;25.89;97.9;-7.71;36.05;31.18;20.72;20.51
10/2/2019;15:00:00;0;26.23;96.4;-7.77;35.91;31.16;21.95;20.53
10/2/2019;15:30:00;0;26.6;95.5;-7.77;35.89;31.15;22.39;20.55
10/2/2019;16:00:00;0;26.87;95.2;-7.7;35.91;31.15;22.53;20.62
10/2/2019;16:30:00;0;29.51;89.1;-7.71;35.88;31.15;22.59;20.74
10/2/2019;17:00:00;0;28.3;90;-7.79;35.81;31.15;22.58;21.01
10/2/2019;17:30:00;0.4;26.45;94.7;-7.79;35.77;31.11;22.56;21.43
10/2/2019;18:00:00;4;27.31;97.5;-7.88;35.72;31.1;22.53;21.87
10/2/2019;18:30:00;0.8;26.35;98.2;-7.91;35.68;31.08;22.49;22.13
10/2/2019;19:00:00;1.4;26.38;98.3;-7.93;35.63;31.08;22.45;22.3
10/2/2019;19:30:00;4.4;25.4;99.4;-7.95;35.61;31.05;22.42;22.38
10/2/2019;20:00:00;2;25.09;99.8;-7.96;35.58;31.05;22.38;22.43
10/2/2019;20:30:00;0;25.45;99.8;-7.98;35.53;31.03;22.33;22.46
10/2/2019;21:00:00;0;25.38;100;-7.96;35.51;31.02;22.29;22.47
10/2/2019;21:30:00;0.4;24.99;100;-8.02;35.47;31;22.27;22.47
10/2/2019;22:00:00;0.6;24.97;99.9;-8;35.46;31;22.23;22.47
10/2/2019;22:30:00;0;24.94;100;-8.02;35.44;30.97;22.21;22.46
10/2/2019;23:00:00;0;24.58;100;-8.02;35.4;30.97;22.18;22.46
10/2/2019;23:30:00;0.4;24.44;100;-8;35.39;30.94;22.16;22.43
10/3/2019;00:00:00;0;24.19;100;-8;35.35;30.94;22.13;22.43
10/3/2019;00:30:00;0;24.15;100;-7.98;35.35;30.94;22.11;22.42
10/3/2019;01:00:00;0;23.88;100;-7.98;35.33;30.9;22.09;22.42
10/3/2019;01:30:00;0;23.74;100;-7.98;35.32;30.9;22.07;22.39
10/3/2019;02:00:00;0;23.76;100;-8.05;35.3;30.9;22.05;22.38
10/3/2019;02:30:00;0;23.74;100;-8.04;35.28;30.87;22.02;22.38
10/3/2019;03:00:00;0;23.74;100;-8.02;35.26;30.87;22.01;22.36
10/3/2019;03:30:00;0;23.64;100;-8.04;35.25;30.85;22;22.36
10/3/2019;04:00:00;0;23.64;100;-8.09;35.23;30.84;21.98;22.34
10/3/2019;04:30:00;0;23.59;100;-8.13;35.23;30.84;21.96;22.33
10/3/2019;05:00:00;0;23.57;100;-8.13;35.19;30.82;21.96;22.32
10/3/2019;05:30:00;0;23.47;100;-8.11;35.19;30.82;21.95;22.3
10/3/2019;06:00:00;0;23.57;100;-8.13;35.18;30.82;21.93;22.29
10/3/2019;06:30:00;0;23.64;100;-8.05;35.16;30.81;21.91;22.28
10/3/2019;07:00:00;0;23.64;100;-8;35.16;30.79;21.9;22.28
10/3/2019;07:30:00;0;23.66;100;-7.98;35.16;30.79;21.88;22.26
10/3/2019;08:00:00;0;23.5;100;-7.91;35.14;30.77;21.87;22.24
10/3/2019;08:30:00;0;23.33;100;-7.84;35.14;30.76;21.84;22.21
10/3/2019;09:00:00;0;23.54;100;-7.8;35.12;30.73;21.79;22.17
10/3/2019;09:30:00;0;23.42;100;-7.71;35.11;30.71;21.75;22.12
10/3/2019;10:00:00;0;23.4;100;-7.66;35.09;30.69;21.71;22.05
10/3/2019;10:30:00;0;23.16;100;-7.63;35.09;30.65;21.66;22.01
10/3/2019;11:00:00;0;23.02;100;-7.59;35.07;30.63;21.63;21.97
10/3/2019;11:30:00;0;23.09;100;-7.52;35.05;30.6;21.58;21.92
10/3/2019;12:00:00;0;23.11;100;-7.54;35.04;30.58;21.53;21.88
10/3/2019;12:30:00;0;23.54;100;-7.57;35.02;30.55;21.51;21.86
10/3/2019;13:00:00;0;24.12;100;-7.68;35.02;30.52;21.48;21.86
10/3/2019;13:30:00;0;24.48;100;-7.79;35;30.5;21.47;21.84
10/3/2019;14:00:00;0;24.9;100;-7.88;35.07;30.5;21.47;21.84
10/3/2019;14:30:00;0;25.91;100;-7.75;35.35;30.5;21.47;21.84
10/3/2019;15:00:00;0;26.82;96.2;-7.82;35.63;30.52;21.48;21.86
10/3/2019;15:30:00;0;28.17;94;-7.88;35.7;30.58;21.5;21.84
10/3/2019;16:00:00;0;28.22;92.5;-7.86;35.86;30.63;21.51;21.86
10/3/2019;16:30:00;0;29.09;88.9;-7.84;35.98;30.77;21.52;21.86
10/3/2019;17:00:00;0;29.74;88;-7.84;35.96;30.97;21.6;21.84
10/3/2019;17:30:00;0;30.44;83.9;-7.88;35.91;31.03;21.75;21.86
10/3/2019;18:00:00;0;29.66;82.1;-7.88;35.86;31.06;21.99;21.87
10/3/2019;18:30:00;0;29.46;89.6;-7.91;35.81;31.06;22.2;21.91
10/3/2019;19:00:00;0;27.83;92.6;-7.93;35.75;31.05;22.31;21.95
10/3/2019;19:30:00;0;26.89;89.9;-7.88;35.74;31.06;22.37;22
10/3/2019;20:00:00;2.6;24.65;97.7;-7.88;35.7;31.05;22.39;22.09
10/3/2019;20:30:00;1.2;24.7;97.8;-7.89;35.67;31.03;22.4;22.18
10/3/2019;21:00:00;0.4;24.24;98.7;-7.95;35.63;31.02;22.39;22.26
10/3/2019;21:30:00;0.4;23.54;98.7;-7.98;35.6;31.02;22.38;22.34
10/3/2019;22:00:00;1;23.4;99.3;-8.04;35.58;31;22.36;22.41
10/3/2019;22:30:00;0.8;23.57;99.7;-8.05;35.56;30.98;22.33;22.43
10/3/2019;23:00:00;0;23.79;100;-8.13;35.53;30.98;22.31;22.46
10/3/2019;23:30:00;0;23.62;100;-8.14;35.51;30.97;22.29;22.47
10/4/2019;00:00:00;0;23.69;100;-8.16;35.49;30.95;22.27;22.47
10/4/2019;00:30:00;0;23.52;100;-8.16;35.46;30.95;22.25;22.49
10/4/2019;01:00:00;0;23.59;100;-8.2;35.44;30.94;22.22;22.47
10/4/2019;01:30:00;0;23.59;100;-8.23;35.4;30.92;22.2;22.46
10/4/2019;02:00:00;0;23.74;100;-8.25;35.39;30.9;22.17;22.46
10/4/2019;02:30:00;0;23.86;100;-8.27;35.37;30.9;22.16;22.45
10/4/2019;03:00:00;0;23.69;100;-8.25;35.35;30.89;22.13;22.47
10/4/2019;03:30:00;0;23.47;100;-8.27;35.33;30.87;22.12;22.46
10/4/2019;04:00:00;0;23.26;100;-8.29;35.32;30.85;22.1;22.45
10/4/2019;04:30:00;0;23.21;100;-8.3;35.3;30.85;22.07;22.39
10/4/2019;05:00:00;0;22.85;100;-8.3;35.28;30.85;22.07;22.39
10/4/2019;05:30:00;0;22.51;100;-8.32;35.25;30.82;22.05;22.37
10/4/2019;06:00:00;0;22.58;100;-8.32;35.25;30.82;22.04;22.37
10/4/2019;06:30:00;0;22.8;100;-8.25;35.23;30.81;22.01;22.36
10/4/2019;07:00:00;0;22.42;100;-8.16;35.23;30.81;22;22.34
10/4/2019;07:30:00;0;22.23;100;-8.04;35.21;30.79;21.98;22.32
10/4/2019;08:00:00;0;22.11;100;-7.95;35.19;30.79;21.96;22.3
10/4/2019;08:30:00;0;21.89;100;-7.88;35.18;30.77;21.91;22.28
10/4/2019;09:00:00;0;22.08;100;-7.84;35.18;30.74;21.88;22.24
10/4/2019;09:30:00;0;21.87;100;-7.79;35.18;30.73;21.84;22.18
10/4/2019;10:00:00;0;21.75;100;-7.64;35.14;30.69;21.79;22.16
10/4/2019;10:30:00;0;21.58;100;-7.55;35.14;30.66;21.74;22.12
10/4/2019;11:00:00;0;21.51;100;-7.64;35.14;30.65;21.69;22.09
10/4/2019;11:30:00;0;21.32;100;-7.55;35.14;30.61;21.66;22.12
10/4/2019;12:00:00;0;21.46;100;-7.57;35.12;30.6;21.63;22.09
10/4/2019;12:30:00;0;21.89;100;-7.5;35.11;30.56;21.6;22.07
10/4/2019;13:00:00;0;22.82;100;-7.54;35.09;30.55;21.55;22.04
10/4/2019;13:30:00;0;23.93;100;-7.5;35.09;30.52;21.51;22
10/4/2019;14:00:00;0;24.87;100;-7.57;35.07;30.5;21.47;21.99
10/4/2019;14:30:00;0;25.45;100;-7.73;35.05;30.48;21.46;21.93
10/4/2019;15:00:00;0;26.01;98.4;-7.73;35.05;30.48;21.46;21.93
10/4/2019;15:30:00;0;27.73;93.6;-7.79;35.05;30.47;21.46;21.89
10/4/2019;16:00:00;0;28.27;88.8;-7.84;35.04;30.45;21.45;21.92
10/4/2019;16:30:00;0;30.42;80.5;-7.82;35.02;30.47;21.45;21.93
10/4/2019;17:00:00;0;28.34;92;-7.88;35.02;30.45;21.45;21.95
10/4/2019;17:30:00;0;29.39;87.7;-7.93;35;30.45;21.44;21.93
10/4/2019;18:00:00;0;29.11;91.6;-7.96;35;30.45;21.44;21.93
10/4/2019;18:30:00;0;29.87;84.4;-7.95;34.98;30.45;21.44;21.95
10/4/2019;19:00:00;0;29.82;87.7;-7.91;34.98;30.45;21.44;21.99
10/4/2019;19:30:00;0;30.42;84;-7.93;34.96;30.45;21.41;21.99
10/4/2019;20:00:00;0;30.27;84.7;-7.91;34.96;30.44;21.42;21.99
10/4/2019;20:30:00;0;27.38;93;-7.93;34.95;30.45;21.42;21.99
10/4/2019;21:00:00;0;27.73;92;-7.93;34.93;30.44;21.4;21.97
10/4/2019;21:30:00;0;26.92;93.8;-7.93;34.93;30.44;21.41;21.97
10/4/2019;22:00:00;0;26.43;96;-7.93;34.93;30.44;21.4;21.97
10/4/2019;22:30:00;0;26.33;94.8;-7.96;34.91;30.44;21.4;21.97
10/4/2019;23:00:00;0;25.87;96.9;-7.96;34.91;30.44;21.39;21.96
10/4/2019;23:30:00;0;25.45;96.2;-7.98;34.89;30.42;21.39;21.96
10/5/2019;00:00:00;0;24.92;97.6;-8.02;34.89;30.44;21.4;21.96
10/5/2019;00:30:00;0;25.23;97.3;-8.02;34.89;30.44;21.39;21.97
10/5/2019;01:00:00;0;25.38;97.8;-8.02;34.89;30.42;21.37;21.96
10/5/2019;01:30:00;0;25.38;98.2;-8;34.88;30.42;21.37;21.95
10/5/2019;02:00:00;0;25.36;99.2;-8.02;34.88;30.42;21.37;21.96
10/5/2019;02:30:00;0;25.31;98.8;-8.05;34.86;30.42;21.37;21.95
10/5/2019;03:00:00;0;25.21;99;-8.09;34.84;30.42;21.36;21.95
10/5/2019;03:30:00;0;25.19;99.1;-8.13;34.82;30.42;21.36;21.95
10/5/2019;04:00:00;0.2;25.06;99.7;-8.11;34.82;30.42;21.36;21.96
10/5/2019;04:30:00;0;24.82;99.7;-8.14;34.81;30.4;21.35;21.96
10/5/2019;05:00:00;0;24.82;100;-8.16;34.81;30.4;21.35;21.96
10/5/2019;05:30:00;0;24.68;99.8;-8.16;34.81;30.4;21.34;21.99
10/5/2019;06:00:00;0;24.41;99.8;-8.13;34.79;30.4;21.34;21.99
10/5/2019;06:30:00;0;24.36;100;-8.07;34.77;30.4;21.33;22.01
10/5/2019;07:00:00;0;24.24;100;-7.96;34.77;30.4;21.33;22.01
10/5/2019;07:30:00;0;24.34;100;-7.89;34.75;30.39;21.33;21.99
10/5/2019;08:00:00;0.4;24.32;100;-7.84;34.75;30.39;21.3;21.97
10/5/2019;08:30:00;98.6;24;100;-7.77;34.74;30.35;21.26;21.93
10/5/2019;09:00:00;0;23.74;100;-7.68;34.72;30.32;21.24;21.89
10/5/2019;09:30:00;0.4;23.45;100;-7.5;34.7;30.31;21.18;21.87
10/5/2019;10:00:00;1.2;23.28;100;-7.48;34.67;30.26;21.14;21.82
10/5/2019;10:30:00;0.2;23.21;100;-7.43;34.67;30.24;21.12;21.78
10/5/2019;11:00:00;0.8;23.04;100;-7.48;34.65;30.23;21.07;21.75
10/5/2019;11:30:00;0;22.82;100;-7.52;34.65;30.21;21.04;21.74
10/5/2019;12:00:00;0;23.11;100;-7.61;34.63;30.18;21.02;21.74
10/5/2019;12:30:00;0;23.62;100;-7.48;34.61;30.18;21.01;21.71
10/5/2019;13:00:00;0;24.68;100;-7.66;34.65;30.18;21.01;21.74
10/5/2019;13:30:00;0;25.23;99.2;-7.89;35.47;30.18;21.01;21.74
10/5/2019;14:00:00;0;25.89;97.7;-7.93;35.68;30.19;21.01;21.7
10/5/2019;14:30:00;0;26.45;95.6;-7.91;35.75;30.21;21.02;21.7
10/5/2019;15:00:00;0;27.68;93.2;-7.91;35.75;30.26;21.02;21.7
10/5/2019;15:30:00;0;29.77;82.6;-7.88;35.77;30.31;21.02;21.7
10/5/2019;16:00:00;0;30.8;83.6;-7.86;35.77;30.4;21.02;21.7
10/5/2019;16:30:00;0;31.59;74.4;-7.93;35.74;30.5;21.03;21.7
10/5/2019;17:00:00;0;31.03;77.8;-7.95;35.74;30.58;21.06;21.72
10/5/2019;17:30:00;0;29.51;81.2;-7.96;35.74;30.65;21.09;21.7
10/5/2019;18:00:00;0;28.54;90.4;-7.98;35.72;30.69;21.13;21.68
10/5/2019;18:30:00;0;30.19;85.9;-8.02;35.7;30.74;21.18;21.7
10/5/2019;19:00:00;4;24.65;97.2;-8;35.68;30.77;21.24;21.71
10/5/2019;19:30:00;3.2;24.63;97.8;-8.02;35.67;30.79;21.3;21.72
10/5/2019;20:00:00;0.2;24.63;98.9;-8.02;35.65;30.81;21.37;21.72
10/5/2019;20:30:00;0.4;24.48;98.6;-8.04;35.61;30.82;21.46;21.72
10/5/2019;21:00:00;0.2;24.29;99.8;-8.04;35.6;30.82;21.52;21.74
10/5/2019;21:30:00;0.2;24.65;99;-7.91;35.58;30.82;21.58;21.75
10/5/2019;22:00:00;0;24.85;99.9;-7.96;35.56;30.84;21.63;21.76
10/5/2019;22:30:00;0;24.53;99.9;-8.02;35.54;30.84;21.69;21.78
10/5/2019;23:00:00;0.2;24.44;100;-8.04;35.53;30.82;21.72;21.8
10/5/2019;23:30:00;0.2;24.39;100;-8.05;35.51;30.84;21.75;21.82
10/6/2019;00:00:00;0;24.22;100;-8.04;35.49;30.84;21.78;21.83
10/6/2019;00:30:00;0;23.98;100;-8.05;35.47;30.84;21.8;21.86
10/6/2019;01:00:00;0;24;100;-8.13;35.44;30.82;21.82;21.87
10/6/2019;01:30:00;0;23.81;100;-8.13;35.44;30.82;21.83;21.91
10/6/2019;02:00:00;0;23.88;100;-8.13;35.4;30.82;21.85;21.92
10/6/2019;02:30:00;0;23.88;100;-8.16;35.4;30.82;21.85;21.95
10/6/2019;03:00:00;0;23.76;100;-8.2;35.4;30.81;21.85;21.97
10/6/2019;03:30:00;0;23.79;100;-8.2;35.37;30.81;21.85;22.03
10/6/2019;04:00:00;0;23.62;100;-8.23;35.35;30.79;21.87;22.04
10/6/2019;04:30:00;0;23.28;100;-8.25;35.33;30.79;21.87;22.07
10/6/2019;05:00:00;0;23.16;100;-8.23;35.32;30.79;21.87;22.09
10/6/2019;05:30:00;0;23.06;100;-8.25;35.3;30.79;21.85;22.11
10/6/2019;06:00:00;0;23.11;100;-8.21;35.3;30.77;21.85;22.11
10/6/2019;06:30:00;0;23.18;100;-8.18;35.28;30.79;21.85;22.13
10/6/2019;07:00:00;0;23.04;100;-8.13;35.26;30.77;21.84;22.14
10/6/2019;07:30:00;0;22.87;100;-8.02;35.26;30.77;21.84;22.16
10/6/2019;08:00:00;0;22.87;100;-7.95;35.26;30.76;21.84;22.16
10/6/2019;08:30:00;0.2;22.44;100;-7.86;35.23;30.74;21.79;22.13
10/6/2019;09:00:00;0;22.39;100;-7.82;35.23;30.73;21.77;22.11
10/6/2019;09:30:00;0;22.32;100;-7.63;35.21;30.71;21.72;22.08
10/6/2019;10:00:00;0;22.08;100;-7.73;35.19;30.68;21.68;22.07
10/6/2019;10:30:00;0;22.01;100;-7.61;35.19;30.66;21.63;22.04
10/6/2019;11:00:00;0;22.01;100;-7.66;35.19;30.63;21.61;22.03
10/6/2019;11:30:00;0;22.01;100;-7.55;35.16;30.6;21.57;21.99
10/6/2019;12:00:00;0;22.23;100;-7.54;35.16;30.58;21.51;21.96
10/6/2019;12:30:00;0;22.66;100;-7.54;35.14;30.55;21.47;21.95
10/6/2019;13:00:00;0;23.14;100;-7.45;35.42;30.55;21.47;21.95
10/6/2019;13:30:00;0;24;100;-7.46;35.75;30.56;21.48;21.95
10/6/2019;14:00:00;0;24.97;100;-7.57;35.79;30.6;21.45;21.92
10/6/2019;14:30:00;0;25.72;98.6;-7.68;35.79;30.63;21.45;21.92
10/6/2019;15:00:00;0;26.38;95.9;-7.7;35.77;30.69;21.47;21.92
10/6/2019;15:30:00;0;28.59;95.1;-7.77;35.75;30.74;21.5;21.93
10/6/2019;16:00:00;0;27.11;97.2;-7.8;35.74;30.74;21.55;21.93
10/6/2019;16:30:00;0;29.61;91.2;-7.84;35.72;30.77;21.58;21.95
10/6/2019;17:00:00;0;28.32;92.4;-7.88;35.7;30.81;21.64;21.96
10/6/2019;17:30:00;0;29.24;89.8;-7.93;35.7;30.81;21.68;21.97
10/6/2019;18:00:00;0;29.41;88.1;-7.98;35.68;30.82;21.73;21.99
10/6/2019;18:30:00;0;29.69;85.8;-8;35.67;30.82;21.77;22
10/6/2019;19:00:00;4.8;26.79;97.7;-8;35.65;30.82;21.79;22.01
10/6/2019;19:30:00;0;29.14;94.9;-7.89;35.65;30.84;21.83;22.03
10/6/2019;20:00:00;0;29.09;89.6;-7.8;36.32;30.92;21.87;22.04
10/6/2019;20:30:00;0;27.95;93.8;-7.79;36.32;31.31;22.47;22.07
10/6/2019;21:00:00;0;27.31;96.7;-7.84;36.3;31.37;23.02;22.29
10/6/2019;21:30:00;0;27.06;97.2;-7.88;36.14;31.39;22.99;23.61
10/6/2019;22:00:00;0;26.4;97.2;-7.91;36.05;31.34;22.9;23.7
10/6/2019;22:30:00;0;26.18;97.8;-7.95;35.96;31.31;22.82;23.66
10/6/2019;23:00:00;0;25.89;98.4;-7.95;35.89;31.26;22.75;23.54
10/6/2019;23:30:00;0;25.21;97.8;-7.98;35.84;31.23;22.66;23.45
10/7/2019;00:00:00;0;24.63;98.7;-8;35.79;31.21;22.6;23.37
10/7/2019;00:30:00;0;24.41;98.6;-8.04;35.74;31.16;22.54;23.3
10/7/2019;01:00:00;0;24.63;99.3;-8.05;35.7;31.15;22.49;23.25
10/7/2019;01:30:00;1.8;23.3;99.9;-8.09;35.67;31.13;22.44;23.2
10/7/2019;02:00:00;4;23.11;100;-8.07;35.65;31.1;22.39;23.14
10/7/2019;02:30:00;1;23.23;100;-8.11;35.61;31.08;22.37;23.11
10/7/2019;03:00:00;1;22.87;100;-8.13;35.56;31.06;22.33;23.08
10/7/2019;03:30:00;0.2;22.82;100;-8.14;35.54;31.05;22.29;23.03
10/7/2019;04:00:00;0;22.9;100;-8.18;35.53;31.02;22.26;23
10/7/2019;04:30:00;0;22.8;100;-8.21;35.49;31;22.23;22.96
10/7/2019;05:00:00;0;22.97;100;-8.23;35.47;31;22.21;22.95
10/7/2019;05:30:00;0;22.82;100;-8.25;35.44;30.98;22.18;22.91
10/7/2019;06:00:00;0;22.82;100;-8.23;35.42;30.97;22.17;22.88
10/7/2019;06:30:00;0;22.56;100;-8.18;35.4;30.97;22.15;22.88
10/7/2019;07:00:00;0;22.37;100;-8.07;35.4;30.94;22.12;22.84
10/7/2019;07:30:00;0;22.27;100;-8.02;35.37;30.94;22.1;22.83
10/7/2019;08:00:00;0;22.27;100;-7.95;35.39;30.92;22.07;22.8
10/7/2019;08:30:00;0;22.23;100;-7.89;35.35;30.9;22.04;22.79
10/7/2019;09:00:00;0;22.15;100;-7.8;35.35;30.89;22;22.74
10/7/2019;09:30:00;0;22.01;100;-7.75;35.33;30.85;21.96;22.7
10/7/2019;10:00:00;0;22.01;100;-7.7;35.33;30.82;21.91;22.64
10/7/2019;10:30:00;0;21.82;100;-7.61;35.3;30.81;21.85;22.62
10/7/2019;11:00:00;0;21.63;100;-7.61;35.3;30.79;21.82;22.57
10/7/2019;11:30:00;0;21.6;100;-7.63;35.3;30.76;21.78;22.53
10/7/2019;12:00:00;0;21.72;100;-7.55;35.26;30.73;21.73;22.49
10/7/2019;12:30:00;0;22.27;100;-7.61;35.26;30.69;21.71;22.46
10/7/2019;13:00:00;0;23.42;100;-7.73;35.26;30.69;21.68;22.45
10/7/2019;13:30:00;0;24.12;100;-7.82;35.26;30.66;21.68;22.45
10/7/2019;14:00:00;0;24.73;100;-7.45;36.84;31.39;22.11;22.51
10/7/2019;14:30:00;0;25.28;100;-7.59;36.44;31.52;23.13;24.01
10/7/2019;15:00:00;0;26.65;97.3;-7.63;36.26;31.45;22.97;24.17
10/7/2019;15:30:00;0;27.31;97.6;-7.63;36.14;31.39;22.86;23.91
10/7/2019;16:00:00;0;27.38;94;-7.64;36.07;31.34;22.76;23.71
10/7/2019;16:30:00;0;28.82;95.4;-7.64;36.02;31.29;22.67;23.53
10/7/2019;17:00:00;0;28.79;89.7;-7.73;35.96;31.24;22.6;23.38
10/7/2019;17:30:00;0;28.42;92.6;-7.75;35.91;31.21;22.53;23.29
10/7/2019;18:00:00;0;29.07;88.8;-7.82;35.88;31.19;22.48;23.25
10/7/2019;18:30:00;0;28.52;91.5;-7.91;35.88;31.16;22.42;23.18
10/7/2019;19:00:00;0;27.41;95;-7.73;35.98;31.15;22.38;23.13
10/7/2019;19:30:00;0;26.43;95.8;-7.86;35.98;31.18;22.38;23.09
10/7/2019;20:00:00;16.4;25.62;99.6;-7.88;35.95;31.18;22.4;23.07
10/7/2019;20:30:00;0.2;25.82;100;-7.91;35.89;31.18;22.42;23.07
10/7/2019;21:00:00;0;26.13;99.9;-7.95;35.86;31.16;22.42;23.07
10/7/2019;21:30:00;0;26.21;100;-7.96;35.81;31.16;22.42;23.07
10/7/2019;22:00:00;0;26.35;99.9;-7.98;35.77;31.15;22.39;23.08
10/7/2019;22:30:00;0;26.18;100;-8;35.74;31.13;22.37;23.07
10/7/2019;23:00:00;0;25.67;100;-8.05;35.7;31.13;22.34;23.05
10/7/2019;23:30:00;0;25.5;100;-8.04;35.68;31.11;22.32;23.04
10/8/2019;00:00:00;0;24.56;100;-8.04;35.65;31.1;22.28;23.03
10/8/2019;00:30:00;0.6;23.79;100;-8.02;35.61;31.08;22.26;23
10/8/2019;01:00:00;1;23.23;100;-8.04;35.6;31.06;22.25;22.99
10/8/2019;01:30:00;0;22.82;100;-8;35.58;31.06;22.22;22.96
10/8/2019;02:00:00;0;22.82;100;-8;35.56;31.03;22.2;22.95
10/8/2019;02:30:00;0.2;22.78;100;-8.02;35.53;31.02;22.17;22.93
10/8/2019;03:00:00;0;22.85;100;-8.07;35.51;31.02;22.15;22.91
10/8/2019;03:30:00;0;22.75;100;-8.13;35.49;31;22.13;22.89
10/8/2019;04:00:00;0;22.73;100;-8.13;35.46;30.98;22.11;22.88
10/8/2019;04:30:00;0;22.87;100;-8.14;35.44;30.98;22.1;22.86
10/8/2019;05:00:00;0;22.51;100;-8.16;35.42;30.97;22.09;22.84
10/8/2019;05:30:00;0;22.66;100;-8.16;35.4;30.95;22.05;22.84
10/8/2019;06:00:00;0;22.75;100;-8.21;35.4;30.94;22.05;22.82
10/8/2019;06:30:00;0;22.9;100;-8.14;35.39;30.94;22.02;22.8
10/8/2019;07:00:00;0;22.8;100;-8.02;35.37;30.92;22.01;22.79
10/8/2019;07:30:00;0;22.87;100;-7.96;35.35;30.9;22;22.76
10/8/2019;08:00:00;0;22.85;100;-7.93;35.35;30.89;21.98;22.75
10/8/2019;08:30:00;0;22.78;100;-7.86;35.35;30.87;21.95;22.72
10/8/2019;09:00:00;0;22.47;100;-7.8;35.33;30.84;21.9;22.67
10/8/2019;09:30:00;0;22.2;100;-7.7;35.32;30.82;21.85;22.63
10/8/2019;10:00:00;0;21.99;100;-7.7;35.3;30.79;21.82;22.58
10/8/2019;10:30:00;0;22.18;100;-7.61;35.28;30.76;21.77;22.54
10/8/2019;11:00:00;0;22.13;100;-7.57;35.26;30.73;21.74;22.51
10/8/2019;11:30:00;0;21.94;100;-7.64;35.26;30.71;21.69;22.49
10/8/2019;12:00:00;0;22.01;100;-7.66;35.26;30.69;21.68;22.45
10/8/2019;12:30:00;0;22.51;100;-7.75;35.26;30.68;21.67;22.46
10/8/2019;13:00:00;0;23.64;100;-7.77;35.26;30.68;21.66;22.46
10/8/2019;13:30:00;0;24.34;100;-7.75;35.26;30.68;21.66;22.46
10/8/2019;14:00:00;0;24.75;100;-7.63;35.26;30.66;21.63;22.42
10/8/2019;14:30:00;0;25.38;99.9;-7.68;35.23;30.63;21.61;22.39
10/8/2019;15:00:00;0;27.01;95.5;-7.77;35.23;30.63;21.6;22.39
10/8/2019;15:30:00;0;27.06;98.6;-7.82;35.23;30.61;21.58;22.39
10/8/2019;16:00:00;0;27.78;91.3;-7.86;35.23;30.61;21.58;22.39
10/8/2019;16:30:00;0;28.62;91;-7.75;35.95;30.61;21.6;22.38
10/8/2019;17:00:00;0;28.89;92.8;-7.89;36.4;31.06;21.66;22.38
10/8/2019;17:30:00;0;28.15;93.5;-7.89;36.26;31.27;22.33;22.39
10/8/2019;18:00:00;0;27.75;91.5;-8;36.16;31.27;22.77;22.54
10/8/2019;18:30:00;0;26.72;96.6;-8.04;36.05;31.27;22.82;23.03
10/8/2019;19:00:00;0;26.96;97.6;-8.07;35.98;31.24;22.77;23.32
10/8/2019;19:30:00;0;27.04;96.5;-8.11;35.91;31.23;22.72;23.34
10/8/2019;20:00:00;0;29.41;93.7;-8.11;35.88;31.19;22.67;23.33
10/8/2019;20:30:00;0;27.95;94.5;-8.16;35.81;31.16;22.6;23.3
10/8/2019;21:00:00;0;26.65;94.4;-8.16;35.75;31.15;22.55;23.26
10/8/2019;21:30:00;0;26.26;97.3;-8.16;35.72;31.13;22.5;23.22
10/8/2019;22:00:00;0;25.55;98.5;-8.18;35.68;31.11;22.47;23.18
10/8/2019;22:30:00;7.2;22.9;100;-8.21;35.67;31.1;22.42;23.14
10/8/2019;23:00:00;0.8;22.82;100;-8.25;35.61;31.06;22.38;23.11
10/8/2019;23:30:00;0;22.85;100;-8.25;35.58;31.05;22.34;23.08
10/9/2019;00:00:00;0;22.54;100;-8.25;35.56;31.03;22.31;23.05
10/9/2019;00:30:00;0;22.54;100;-8.23;35.54;31.02;22.28;23.04
10/9/2019;01:00:00;0;22.44;100;-8.27;35.51;31.02;22.25;23
10/9/2019;01:30:00;0;22.2;100;-8.25;35.49;30.98;22.23;22.99
10/9/2019;02:00:00;0;22.25;100;-8.23;35.47;30.97;22.2;22.97
10/9/2019;02:30:00;0;22.15;100;-8.25;35.46;30.97;22.17;22.95
10/9/2019;03:00:00;0;21.99;100;-8.23;35.44;30.95;22.16;22.92
10/9/2019;03:30:00;0;22.13;100;-8.25;35.42;30.95;22.13;22.89
10/9/2019;04:00:00;0;21.99;100;-8.27;35.4;30.94;22.11;22.88
10/9/2019;04:30:00;0;21.84;100;-8.27;35.39;30.92;22.1;22.87
10/9/2019;05:00:00;0;21.77;100;-8.29;35.37;30.92;22.07;22.86
10/9/2019;05:30:00;0;21.7;100;-8.27;35.35;30.9;22.06;22.84
10/9/2019;06:00:00;0;21.7;100;-8.21;35.32;30.87;22.05;22.83
10/9/2019;06:30:00;0;22.06;100;-8.18;35.32;30.87;22.02;22.82
10/9/2019;07:00:00;0;21.75;100;-8.11;35.32;30.87;22.01;22.79
10/9/2019;07:30:00;0;22.03;100;-8.02;35.3;30.85;22;22.78
10/9/2019;08:00:00;0;22.11;100;-7.93;35.3;30.84;21.98;22.75
10/9/2019;08:30:00;0;21.89;100;-7.84;35.3;30.81;21.94;22.71
10/9/2019;09:00:00;0;22.13;100;-7.79;35.28;30.79;21.89;22.66
10/9/2019;09:30:00;0;21.82;100;-7.77;35.26;30.77;21.87;22.64
10/9/2019;10:00:00;0;21.6;100;-7.77;35.26;30.76;21.83;22.62
10/9/2019;10:30:00;0;21.63;100;-7.66;35.23;30.73;21.78;22.57
10/9/2019;11:00:00;0;21.72;100;-7.59;35.23;30.69;21.73;22.5
10/9/2019;11:30:00;0;22.06;100;-7.59;35.21;30.66;21.69;22.46
10/9/2019;12:00:00;0;22.13;100;-7.59;35.23;30.65;21.66;22.43
10/9/2019;12:30:00;0;22.61;100;-7.57;35.19;30.63;21.62;22.39
10/9/2019;13:00:00;0;23.26;100;-7.55;35.19;30.61;21.58;22.37
10/9/2019;13:30:00;0;24.53;100;-7.59;35.18;30.58;21.56;22.34
10/9/2019;14:00:00;0;25.06;100;-7.5;35.16;30.55;21.52;22.33
10/9/2019;14:30:00;0;25.87;99.3;-7.68;35.16;30.53;21.51;22.32
10/9/2019;15:00:00;0;26.5;96.9;-7.79;35.14;30.53;21.52;22.34
10/9/2019;15:30:00;0;26.82;99.1;-7.77;35.16;30.53;21.52;22.33
10/9/2019;16:00:00;0;26.99;97;-7.79;35.16;30.53;21.52;22.34
10/9/2019;16:30:00;0;28.52;94.6;-7.82;35.19;30.53;21.52;22.34
10/9/2019;17:00:00;0;28.99;92.8;-7.84;35.19;30.55;21.51;22.33
10/9/2019;17:30:00;0;28.82;93.7;-7.86;35.19;30.55;21.51;22.33
10/9/2019;18:00:00;0;28.77;91.1;-7.86;35.19;30.53;21.51;22.32
10/9/2019;18:30:00;0;29.11;92.3;-7.86;35.18;30.53;21.51;22.33
10/9/2019;19:00:00;0;29.26;90;-7.88;35.19;30.55;21.51;22.33
10/9/2019;19:30:00;0;28.69;89.1;-7.91;35.19;30.53;21.5;22.32
10/9/2019;20:00:00;0;30.22;88.1;-7.93;35.21;30.53;21.5;22.32
10/9/2019;20:30:00;0;28.2;93;-7.93;35.19;30.53;21.48;22.32
10/9/2019;21:00:00;0.4;27.04;96.8;-7.91;35.19;30.53;21.48;22.32
10/9/2019;21:30:00;0.2;26.79;98.1;-7.93;35.19;30.55;21.5;22.3
10/9/2019;22:00:00;0;26.3;98.7;-7.93;35.18;30.55;21.48;22.3
10/9/2019;22:30:00;0;26.06;99.1;-7.91;35.18;30.55;21.48;22.3
10/9/2019;23:00:00;0;25.87;99.5;-7.91;35.18;30.55;21.47;22.3
10/9/2019;23:30:00;0;25.72;99.4;-7.93;35.16;30.55;21.47;22.3
10/10/2019;00:00:00;0.2;25.77;99.5;-7.95;35.16;30.55;21.47;22.3
10/10/2019;00:30:00;0;25.5;100;-7.98;35.18;30.53;21.47;22.3
10/10/2019;01:00:00;0.2;25.28;100;-8.02;35.16;30.55;21.47;22.29
10/10/2019;01:30:00;0;25.19;100;-8;35.14;30.55;21.47;22.28
10/10/2019;02:00:00;0;24.92;100;-8.02;35.12;30.53;21.45;22.28
10/10/2019;02:30:00;0;24.85;100;-8;35.14;30.55;21.45;22.28
10/10/2019;03:00:00;0;24.99;100;-8;35.12;30.53;21.45;22.28
10/10/2019;03:30:00;0;24.94;100;-8.05;35.11;30.53;21.45;22.26
10/10/2019;04:00:00;0;24.99;100;-8.07;35.11;30.53;21.45;22.28
10/10/2019;04:30:00;0;24.94;100;-8.09;35.11;30.53;21.44;22.26
10/10/2019;05:00:00;0;24.94;100;-8.11;35.09;30.53;21.45;22.26
10/10/2019;05:30:00;0;24.82;100;-8.13;35.09;30.53;21.44;22.25
10/10/2019;06:00:00;0;24.7;100;-8.13;35.07;30.53;21.44;22.26
10/10/2019;06:30:00;0;24.41;100;-8.07;35.07;30.53;21.44;22.25
10/10/2019;07:00:00;0;24.1;100;-8;35.07;30.53;21.42;22.25
10/10/2019;07:30:00;0;24.07;100;-7.93;35.05;30.53;21.42;22.25
10/10/2019;08:00:00;0;24.1;100;-7.88;35.05;30.52;21.41;22.24
10/10/2019;08:30:00;0;24.24;100;-7.84;35.05;30.5;21.39;22.21
10/10/2019;09:00:00;0;24.12;100;-7.73;35.04;30.48;21.36;22.17
10/10/2019;09:30:00;0;23.71;100;-7.7;35;30.47;21.34;22.14
10/10/2019;10:00:00;0;23.62;100;-7.64;35;30.45;21.3;22.12
10/10/2019;10:30:00;0;23.35;100;-7.61;34.98;30.44;21.28;22.08
10/10/2019;11:00:00;0;23.3;100;-7.54;34.98;30.39;21.25;22.05
10/10/2019;11:30:00;0;22.97;100;-7.48;34.96;30.39;21.21;22.01
10/10/2019;12:00:00;0;23.02;100;-7.45;34.95;30.35;21.18;22
10/10/2019;12:30:00;0;23.42;100;-7.46;34.91;30.34;21.15;21.97
10/10/2019;13:00:00;0;24;100;-7.57;34.91;30.32;21.14;21.97
10/10/2019;13:30:00;0;25.31;99.8;-7.46;34.91;30.31;21.12;21.95
10/10/2019;14:00:00;0;25.5;100;-7.52;34.89;30.29;21.1;21.92
10/10/2019;14:30:00;0;25.87;99.8;-7.41;34.89;30.27;21.08;21.91
10/10/2019;15:00:00;0;27.16;97.1;-7.48;34.86;30.26;21.06;21.89
10/10/2019;15:30:00;0;27.63;95.7;-7.68;34.89;30.24;21.06;21.89
10/10/2019;16:00:00;0;28.12;96.2;-7.84;34.95;30.26;21.04;21.91
10/10/2019;16:30:00;0;28.59;89.9;-7.98;34.96;30.26;21.06;21.92
10/10/2019;17:00:00;0;29.66;87.9;-8;34.96;30.26;21.04;21.92
10/10/2019;17:30:00;0;29.84;87.2;-8;34.96;30.27;21.06;21.93
10/10/2019;18:00:00;0;30.44;77.6;-7.96;34.96;30.27;21.06;21.92
10/10/2019;18:30:00;0;29.74;80.6;-8;34.96;30.27;21.06;21.92
10/10/2019;19:00:00;0;28.87;91.3;-8.05;34.98;30.27;21.07;21.92
10/10/2019;19:30:00;0;30.17;89.5;-8.09;35;30.27;21.06;21.92
10/10/2019;20:00:00;0;29.61;89.1;-8.09;35.04;30.27;21.06;21.92
10/10/2019;20:30:00;0;34.02;75.7;-8.07;35.04;30.27;21.06;21.92
10/10/2019;21:00:00;0;30.14;83.9;-8.11;35.04;30.29;21.06;21.92
10/10/2019;21:30:00;0;27.63;90;-8.09;35.05;30.29;21.06;21.92
10/10/2019;22:00:00;0.4;25.06;93.8;-8.09;35.05;30.29;21.07;21.92
10/10/2019;22:30:00;0.4;24.27;96.7;-8.09;35.05;30.29;21.06;21.92
10/10/2019;23:00:00;0.2;24.12;97.5;-8.05;35.04;30.29;21.06;21.92
10/10/2019;23:30:00;0.4;24.05;98.4;-7.96;35.07;30.29;21.07;21.92
10/11/2019;00:00:00;0.8;23.69;98.9;-7.96;35.32;30.29;21.06;21.91
10/11/2019;00:30:00;0.2;23.52;98.8;-7.96;35.7;30.32;21.07;21.91
10/11/2019;01:00:00;0;23.18;99.4;-7.98;35.91;30.34;21.07;21.91
10/11/2019;01:30:00;0;23.21;99.3;-8.04;35.95;30.35;21.07;21.91
10/11/2019;02:00:00;0;23.4;99.5;-8.05;35.93;30.4;21.08;21.92
10/11/2019;02:30:00;0;23.4;99.7;-8.07;35.91;30.45;21.09;21.91
10/11/2019;03:00:00;0;23.3;100;-8.07;35.88;30.53;21.09;21.92
10/11/2019;03:30:00;0;23.4;100;-8.11;35.86;30.6;21.12;21.91
10/11/2019;04:00:00;0;23.5;100;-8.16;35.84;30.65;21.13;21.91
10/11/2019;04:30:00;0;23.4;100;-8.18;35.81;30.68;21.15;21.91
10/11/2019;05:00:00;0.2;23.35;100;-8.2;35.77;30.69;21.18;21.91
10/11/2019;05:30:00;2;23.3;100;-8.23;35.75;30.73;21.21;21.91
10/11/2019;06:00:00;0.8;23.04;100;-8.21;35.74;30.73;21.24;21.92
10/11/2019;06:30:00;0.8;23.09;100;-8.2;35.72;30.76;21.29;21.92
10/11/2019;07:00:00;0.4;23.06;100;-8.13;35.68;30.77;21.31;21.92
10/11/2019;07:30:00;0.2;22.9;100;-8.04;35.68;30.76;21.36;21.93
10/11/2019;08:00:00;0.2;22.9;100;-7.96;35.65;30.76;21.4;21.92
10/11/2019;08:30:00;0;22.92;100;-7.91;35.65;30.76;21.41;21.91
10/11/2019;09:00:00;0;22.8;100;-7.82;35.63;30.74;21.4;21.89
10/11/2019;09:30:00;0;22.73;100;-7.75;35.6;30.73;21.39;21.87
10/11/2019;10:00:00;0;22.37;100;-7.61;35.58;30.71;21.37;21.84
10/11/2019;10:30:00;0;22.18;100;-7.66;35.56;30.68;21.35;21.83
10/11/2019;11:00:00;0;22.08;100;-7.57;35.56;30.66;21.33;21.8
10/11/2019;11:30:00;0;21.82;100;-7.63;35.54;30.65;21.31;21.8
10/11/2019;12:00:00;0;22.23;100;-7.7;35.53;30.63;21.3;21.8
10/11/2019;12:30:00;0;22.49;100;-7.59;35.51;30.6;21.28;21.78
10/11/2019;13:00:00;0;23.02;100;-7.5;35.49;30.58;21.24;21.76
10/11/2019;13:30:00;0;24.07;100;-7.66;35.47;30.56;21.23;21.76
10/11/2019;14:00:00;0;24.46;99.9;-7.57;35.86;30.56;21.24;21.78
10/11/2019;14:30:00;0;25.21;98.1;-7.54;36.16;30.6;21.25;21.78
10/11/2019;15:00:00;0;26.23;96.6;-7.77;36.16;30.63;21.25;21.78
10/11/2019;15:30:00;0;27.16;97.1;-7.79;36.35;30.73;21.28;21.79
10/11/2019;16:00:00;0;28.37;92.8;-7.79;36.74;31.05;21.33;21.8
10/11/2019;16:30:00;0;28.15;91.7;-7.95;36.63;31.39;22.31;21.83
10/11/2019;17:00:00;0;29.14;92.6;-7.93;36.53;31.4;22.97;21.92
10/11/2019;17:30:00;0;28.1;89.8;-7.89;36.49;31.4;22.97;22.68
10/11/2019;18:00:00;0;27.7;90.5;-7.89;36.37;31.39;22.93;23.57
10/11/2019;18:30:00;0;29.19;83.8;-7.91;36.3;31.37;22.87;23.59
10/11/2019;19:00:00;0;29.54;89;-7.89;36.21;31.32;22.8;23.55
10/11/2019;19:30:00;0;27.6;91.2;-7.89;36.16;31.29;22.74;23.5
10/11/2019;20:00:00;4.8;25.87;98.9;-7.88;36.11;31.27;22.67;23.43
10/11/2019;20:30:00;0;30.57;88.6;-7.95;36.04;31.24;22.61;23.37
10/11/2019;21:00:00;0;25.55;94.2;-7.98;36;31.23;22.55;23.32
10/11/2019;21:30:00;2.4;24.15;98.7;-8;35.96;31.18;22.5;23.28
10/11/2019;22:00:00;3.2;23.11;98.9;-8.02;35.91;31.18;22.45;23.24
10/11/2019;22:30:00;0.4;23.14;99.5;-8.07;35.88;31.15;22.42;23.18
10/11/2019;23:00:00;0.8;22.94;99.6;-8.05;35.84;31.13;22.37;23.14
10/11/2019;23:30:00;0.4;22.9;100;-8.13;35.81;31.11;22.33;23.12
10/12/2019;00:00:00;0.2;22.92;100;-8.11;35.79;31.11;22.31;23.09
10/12/2019;00:30:00;0.2;22.97;100;-8.09;35.77;31.08;22.28;23.07
10/12/2019;01:00:00;0;23.16;100;-8.04;35.75;31.06;22.26;23.04
10/12/2019;01:30:00;0;23.06;100;-8.05;35.72;31.05;22.25;23.01
10/12/2019;02:00:00;0;23.04;100;-8.07;35.68;31.05;22.21;22.99
10/12/2019;02:30:00;0;22.78;100;-8.11;35.68;31.02;22.18;22.96
10/12/2019;03:00:00;0;22.61;100;-8.14;35.65;31.02;22.16;22.93
10/12/2019;03:30:00;0;22.56;100;-8.13;35.65;31;22.15;22.92
10/12/2019;04:00:00;0;22.44;100;-8.13;35.63;30.98;22.12;22.89
10/12/2019;04:30:00;0;22.37;100;-8.16;35.61;30.98;22.11;22.88
10/12/2019;05:00:00;0;22.49;100;-8.21;35.58;30.95;22.09;22.87
10/12/2019;05:30:00;0;22.03;100;-8.25;35.58;30.95;22.06;22.84
10/12/2019;06:00:00;0;22.06;100;-8.25;35.54;30.94;22.04;22.83
10/12/2019;06:30:00;0;22.42;100;-8.23;35.54;30.92;22.02;22.82
10/12/2019;07:00:00;0;22.63;100;-8.14;35.53;30.92;22.01;22.8
10/12/2019;07:30:00;0;22.61;100;-8.04;35.51;30.9;21.99;22.78
10/12/2019;08:00:00;0;22.54;100;-8;35.53;30.9;21.98;22.76
10/12/2019;08:30:00;0;22.15;100;-7.95;35.51;30.89;21.95;22.74
10/12/2019;09:00:00;0;22.23;100;-7.91;35.49;30.87;21.91;22.7
10/12/2019;09:30:00;0;22.35;100;-7.86;35.49;30.84;21.88;22.66
10/12/2019;10:00:00;0;22.32;100;-7.79;35.46;30.81;21.83;22.62
10/12/2019;10:30:00;0;22.08;100;-7.73;35.44;30.79;21.78;22.55
10/12/2019;11:00:00;0;21.84;100;-7.73;35.42;30.76;21.74;22.53
10/12/2019;11:30:00;0;21.6;100;-7.66;35.42;30.74;21.71;22.5
10/12/2019;12:00:00;0;21.63;100;-7.61;35.4;30.71;21.67;22.45
10/12/2019;12:30:00;0;22.06;100;-7.77;35.4;30.69;21.66;22.45
10/12/2019;13:00:00;0;22.85;100;-7.7;35.42;30.69;21.66;22.47
10/12/2019;13:30:00;0;23.91;100;-7.68;35.53;30.69;21.64;22.45
10/12/2019;14:00:00;0;24.34;100;-7.5;35.77;30.69;21.66;22.46
10/12/2019;14:30:00;0;25.21;98.8;-7.68;36.93;31.68;23.24;24.5
10/12/2019;15:00:00;0;25.72;98.6;-7.77;36.65;31.56;23.07;24.88
10/12/2019;15:30:00;0;26.13;96.8;-7.75;36.53;31.52;22.96;24.38
10/12/2019;16:00:00;0;27.31;95.6;-7.79;36.46;31.45;22.88;24.08
10/12/2019;16:30:00;0;28;87.1;-7.8;36.37;31.4;22.79;23.84
10/12/2019;17:00:00;0;27.31;91.7;-7.82;36.3;31.37;22.74;23.64
10/12/2019;17:30:00;0;28.07;89.2;-7.86;36.23;31.35;22.67;23.53
10/12/2019;18:00:00;0;28.07;91.7;-7.91;36.18;31.32;22.61;23.43
10/12/2019;18:30:00;0.4;26.84;96.8;-7.95;36.11;31.29;22.56;23.37
10/12/2019;19:00:00;0.8;25.77;98.6;-7.95;36.07;31.26;22.52;23.36
10/12/2019;19:30:00;1.4;26.94;97.7;-7.95;36.02;31.23;22.47;23.28
10/12/2019;20:00:00;4.8;24.1;99.8;-7.95;35.98;31.21;22.42;23.22
10/12/2019;20:30:00;12;24.15;100;-7.95;35.95;31.19;22.37;23.18
10/12/2019;21:00:00;0.6;23.86;100;-7.93;35.91;31.16;22.33;23.14
10/12/2019;21:30:00;0.4;23.88;100;-7.96;35.89;31.13;22.31;23.11
10/12/2019;22:00:00;0.4;23.66;100;-7.96;35.86;31.11;22.28;23.11
10/12/2019;22:30:00;0.2;23.62;100;-8;35.84;31.11;22.25;23.07
10/12/2019;23:00:00;0;23.42;100;-7.98;35.82;31.1;22.23;23.05
10/12/2019;23:30:00;0;23.18;100;-7.96;35.81;31.06;22.2;23.03
10/13/19;00:00:00;0;23.04;100;-7.98;35.77;31.05;22.18;23.01
10/13/19;00:30:00;0;22.97;100;-8;35.77;31.05;22.16;22.99
10/13/19;01:00:00;0;22.94;100;-8.02;35.75;31.03;22.13;22.99
10/13/19;01:30:00;0;23.02;100;-8;35.72;31.02;22.11;22.96
10/13/19;02:00:00;0;23.11;100;-8.04;35.7;31;22.1;22.95
10/13/19;02:30:00;0;23.18;100;-8.02;35.7;30.98;22.09;22.93
10/13/19;03:00:00;0;23.18;100;-8.07;35.68;30.98;22.06;22.93
10/13/19;03:30:00;0;23.18;100;-8.07;35.67;30.98;22.05;22.91
10/13/19;04:00:00;0;23.23;100;-8.11;35.65;30.97;22.04;22.89
10/13/19;04:30:00;0;23.06;100;-8.13;35.65;30.95;22.02;22.88
10/13/19;05:00:00;0;23.14;100;-8.14;35.63;30.94;22;22.87
10/13/19;05:30:00;0;23.14;100;-8.16;35.61;30.94;21.99;22.86
10/13/19;06:00:00;0;23.21;100;-8.14;35.6;30.92;21.98;22.86
10/13/19;06:30:00;0.2;23.16;100;-8.13;35.58;30.9;21.96;22.84
10/13/19;07:00:00;0;23.11;100;-8.05;35.58;30.9;21.95;22.83
10/13/19;07:30:00;0;23.09;100;-8;35.56;30.89;21.94;22.82
10/13/19;08:00:00;0;23.02;100;-7.96;35.56;30.89;21.91;22.79
10/13/19;08:30:00;0;22.99;100;-7.84;34.42;30.87;21.93;22.78
10/13/19;09:00:00;0;22.97;100;-7.82;34.42;30.85;21.89;22.75
10/13/19;09:30:00;0;22.92;100;-7.8;34.42;30.84;21.87;22.71
10/13/19;10:00:00;0;22.73;100;-7.75;34.42;30.81;21.83;22.68
10/13/19;10:30:00;0;22.63;100;-7.71;34.42;30.79;21.79;22.64
10/13/19;11:00:00;0;22.54;100;-7.73;34.44;30.77;21.78;22.61
10/13/19;11:30:00;0;22.63;100;-7.66;34.42;30.74;21.74;22.58
10/13/19;12:00:00;0;22.68;100;-7.61;34.4;30.74;21.69;22.54
10/13/19;12:30:00;0;22.97;100;-7.61;34.4;30.69;21.67;22.51
10/13/19;13:00:00;0;23.69;100;-7.59;34.4;30.68;21.63;22.47
10/13/19;13:30:00;0;24.1;100;-7.63;34.4;30.68;21.61;22.46
10/13/19;14:00:00;0;24.51;100;-7.64;34.4;30.65;21.58;22.45
10/13/19;14:30:00;0;25.65;99.9;-7.82;34.4;30.63;21.58;22.46
10/13/19;15:00:00;0;25.67;98.6;-7.88;34.42;30.63;21.58;22.45
10/13/19;15:30:00;0;26.5;98.6;-7.82;34.42;30.63;21.58;22.46
10/13/19;16:00:00;0;27.16;95.2;-7.84;34.46;30.63;21.58;22.46
10/13/19;16:30:00;0;27.01;94.8;-7.88;34.47;30.63;21.58;22.46
10/13/19;17:00:00;0;27.09;93.1;-7.98;34.51;30.63;21.57;22.46
10/13/19;17:30:00;0;28;90.8;-7.98;34.51;30.63;21.57;22.45
10/13/19;18:00:00;0;28.02;92.9;-7.89;34.58;30.63;21.57;22.45
10/13/19;18:30:00;0;28.54;90.1;-7.96;34.98;30.65;21.57;22.43
10/13/19;19:00:00;0;28.77;88.1;-7.96;35.04;30.66;21.57;22.43
10/13/19;19:30:00;0;27.53;91.7;-8;35.04;30.69;21.58;22.45
10/13/19;20:00:00;0;27.73;89.8;-8;35.02;30.73;21.6;22.43
10/13/19;20:30:00;0;25.4;94.6;-8;35;30.76;21.61;22.43
10/13/19;21:00:00;0.4;25.02;97.6;-8;34.98;30.77;21.63;22.43
10/13/19;21:30:00;0.2;24.87;98.9;-7.93;34.96;30.79;21.66;22.43
10/13/19;22:00:00;0;24.87;98.6;-7.8;34.98;30.82;21.68;22.43
10/13/19;22:30:00;0;24.63;99.4;-7.73;35.37;30.87;21.72;22.43
10/13/19;23:00:00;0.2;23.33;99.7;-7.59;36.21;31.71;23.01;22.47
10/13/19;23:30:00;0.4;23.21;100;-7.77;35.65;31.66;23.24;25.53
10/14/19;00:00:00;2.4;23.09;100;-7.82;35.49;31.6;23.1;25.03
10/14/19;00:30:00;0;23.04;100;-7.79;35.51;31.56;23.03;24.54
10/14/19;01:00:00;0;23.11;100;-7.88;35.42;31.55;22.99;24.37
10/14/19;01:30:00;0;23.16;100;-7.88;35.32;31.52;22.91;24.2
10/14/19;02:00:00;0;23.18;100;-7.96;35.21;31.45;22.8;23.95
10/14/19;02:30:00;0.2;23.16;100;-7.98;35.14;31.4;22.7;23.71
10/14/19;03:00:00;0;23.18;100;-8;35.09;31.37;22.64;23.58
10/14/19;03:30:00;0.2;23.14;100;-8.02;35.04;31.32;22.58;23.51
10/14/19;04:00:00;1.2;23.09;100;-8;35;31.29;22.52;23.46
10/14/19;04:30:00;2;22.92;100;-8.02;34.95;31.26;22.48;23.39
10/14/19;05:00:00;8.8;22.44;100;-8;34.93;31.23;22.44;23.34
10/14/19;05:30:00;1;22.32;100;-8;34.89;31.19;22.39;23.29
10/14/19;06:00:00;0.6;22.23;100;-8;34.86;31.16;22.36;23.25
10/14/19;06:30:00;1;22.23;100;-7.96;34.84;31.13;22.33;23.21
10/14/19;07:00:00;0;22.13;100;-7.91;34.82;31.11;22.31;23.18
10/14/19;07:30:00;0;22.13;100;-7.91;34.81;31.1;22.28;23.16
10/14/19;08:00:00;0;22.11;100;-7.91;34.79;31.06;22.25;23.12
10/14/19;08:30:00;0;22.13;100;-7.93;34.79;31.06;22.22;23.09
10/14/19;09:00:00;0;22.03;100;-7.89;34.77;31.05;22.2;23.07
10/14/19;09:30:00;0;22.08;100;-7.88;34.77;31.03;22.17;23.04
10/14/19;10:00:00;0;22.11;100;-7.86;34.77;31.02;22.13;23.03
10/14/19;10:30:00;0;22.23;100;-7.91;34.75;30.98;22.11;23
10/14/19;11:00:00;0;22.3;100;-7.89;34.75;30.98;22.1;22.97
10/14/19;11:30:00;0;22.35;100;-7.82;34.77;30.97;22.07;22.96
10/14/19;12:00:00;0;22.58;100;-7.86;34.77;30.95;22.05;22.93
10/14/19;12:30:00;0.2;22.92;100;-7.84;34.77;30.94;22.02;22.91
10/14/19;13:00:00;0;23.4;100;-7.84;34.77;30.92;22;22.89
10/14/19;13:30:00;0;23.69;100;-7.84;34.77;30.9;22;22.87
10/14/19;14:00:00;0;23.74;100;-7.7;34.79;30.89;21.98;22.87
10/14/19;14:30:00;0;23.74;100;-7.66;35.33;30.94;21.98;22.86
10/14/19;15:00:00;0;24.1;100;-7.66;35.4;31.05;22.01;22.84
10/14/19;15:30:00;0;24.68;100;-7.66;35.46;31.24;22.18;22.84
10/14/19;16:00:00;0;25.11;100;-7.7;35.42;31.32;22.61;22.88
10/14/19;16:30:00;0;24.85;100;-7.77;35.37;31.32;22.82;23.05
10/14/19;17:00:00;0.2;25.06;100;-7.8;35.3;31.32;22.83;23.45
10/14/19;17:30:00;0.2;25.74;100;-7.8;35.26;31.29;22.79;23.59
10/14/19;18:00:00;0;25.5;100;-7.82;35.25;31.27;22.75;23.59
10/14/19;18:30:00;0;25.87;100;-7.84;35.21;31.26;22.69;23.57
10/14/19;19:00:00;0;25.74;100;-7.84;35.19;31.24;22.65;23.53
10/14/19;19:30:00;0;25.74;99.4;-7.84;35.18;31.23;22.6;23.49
10/14/19;20:00:00;3.2;24.7;100;-7.79;35.16;31.21;22.56;23.45
10/14/19;20:30:00;0.4;24.75;100;-7.77;35.19;31.21;22.54;23.41
10/14/19;21:00:00;1.2;24.58;100;-7.75;35.23;31.21;22.53;23.38
10/14/19;21:30:00;0.6;24.68;100;-7.75;35.32;31.24;22.55;23.36
10/14/19;22:00:00;0.2;24.27;100;-7.7;35.35;31.29;22.63;23.37
10/14/19;22:30:00;0;24.22;100;-7.64;35.53;31.37;22.77;23.43
10/14/19;23:00:00;0.2;23.88;100;-7.55;35.79;31.48;23.07;23.68
10/14/19;23:30:00;0.2;23.71;100;-7.68;35.65;31.61;23.24;25.25
10/15/19;00:00:00;0.2;23.5;100;-7.73;35.63;31.6;23.2;25.12
10/15/19;00:30:00;0;23.45;100;-7.8;35.49;31.55;23.12;24.84
10/15/19;01:00:00;0.2;23.45;100;-7.84;35.42;31.52;22.98;24.41
10/15/19;01:30:00;0.2;23.4;100;-7.84;35.39;31.48;22.9;24.13
10/15/19;02:00:00;0.2;23.33;100;-7.82;35.32;31.44;22.83;23.92
10/15/19;02:30:00;0.6;23.23;100;-7.82;35.28;31.42;22.77;23.75
10/15/19;03:00:00;0.4;23.21;100;-7.84;35.26;31.39;22.72;23.66
10/15/19;03:30:00;0.8;23.14;100;-7.82;35.25;31.35;22.67;23.61
10/15/19;04:00:00;1;23.09;100;-7.8;35.26;31.35;22.65;23.55
10/15/19;04:30:00;1.6;22.97;100;-7.8;35.26;31.35;22.64;23.53
10/15/19;05:00:00;3.2;22.9;100;-7.82;35.23;31.35;22.65;23.5
10/15/19;05:30:00;1.4;22.82;100;-7.84;35.19;31.34;22.65;23.5
10/15/19;06:00:00;1.2;22.75;100;-7.86;35.18;31.32;22.61;23.49
10/15/19;06:30:00;0.4;22.68;100;-7.88;35.12;31.29;22.58;23.47
10/15/19;07:00:00;0.4;22.66;100;-7.88;35.07;31.26;22.52;23.45
10/15/19;07:30:00;0.2;22.66;100;-7.86;35.04;31.23;22.48;23.39
10/15/19;08:00:00;0.4;22.66;100;-7.86;35.02;31.21;22.43;23.36
10/15/19;08:30:00;0.2;22.68;100;-7.88;35;31.18;22.38;23.32
10/15/19;09:00:00;0.2;22.7;100;-7.84;34.96;31.15;22.34;23.26
10/15/19;09:30:00;0.4;22.68;100;-7.88;34.95;31.15;22.31;23.22
10/15/19;10:00:00;0.6;22.54;100;-7.86;34.93;31.11;22.26;23.17
10/15/19;10:30:00;0.2;22.54;100;-7.8;34.91;31.08;22.21;23.13
10/15/19;11:00:00;0.2;22.58;100;-7.77;34.89;31.03;22.16;23.09
10/15/19;11:30:00;0;22.68;100;-7.75;34.88;31.02;22.11;23.05
10/15/19;12:00:00;0;22.8;100;-7.71;34.86;30.98;22.06;23
10/15/19;12:30:00;0;22.99;100;-7.68;34.84;30.97;22.01;22.95
10/15/19;13:00:00;0;23.23;100;-7.66;34.82;30.94;21.96;22.91
10/15/19;13:30:00;0;23.45;100;-7.73;34.81;30.92;21.94;22.89
10/15/19;14:00:00;0;24.1;100;-7.14;36.72;31.5;22.12;22.92
10/15/19;14:30:00;0;24.46;100;-7.64;36.21;31.74;23.34;26.68
10/15/19;15:00:00;0;24.97;100;-7.64;35.84;31.63;22.96;25.5
10/15/19;15:30:00;0;25.28;100;-7.64;35.65;31.55;22.7;25.12
10/15/19;16:00:00;0;25.77;99.6;-7.64;35.53;31.48;22.6;24.84
10/15/19;16:30:00;0;26.43;98.2;-7.71;35.46;31.42;22.53;24.46
10/15/19;17:00:00;0;26.43;95.7;-7.77;35.39;31.34;22.45;24.14
10/15/19;17:30:00;0;26.94;96.6;-7.82;35.32;31.29;22.4;23.92
10/15/19;18:00:00;0;27.58;95.1;-7.84;35.28;31.26;22.37;23.79
10/15/19;18:30:00;0;27.6;94.1;-7.88;35.23;31.23;22.33;23.68
10/15/19;19:00:00;0;27.87;94.4;-7.89;35.19;31.19;22.29;23.63
10/15/19;19:30:00;0;26.62;96.2;-7.89;35.16;31.15;22.26;23.55
10/15/19;20:00:00;26;23.66;99.7;-7.91;35.12;31.13;22.23;23.5
10/15/19;20:30:00;10.2;23.91;100;-7.91;35.09;31.11;22.21;23.45
10/15/19;21:00:00;0.2;25.19;100;-7.93;35.09;31.1;22.18;23.41
10/15/19;21:30:00;0;25.21;100;-7.96;35.04;31.06;22.17;23.37
10/15/19;22:00:00;0;25.16;100;-8;35.02;31.06;22.15;23.34
10/15/19;22:30:00;0;24.8;100;-8.04;35;31.03;22.13;23.3
10/15/19;23:00:00;0;24.53;100;-8.02;34.96;31.02;22.12;23.26
10/15/19;23:30:00;0;24.15;100;-8.09;34.95;31;22.1;23.24
10/16/19;00:00:00;0;23.93;100;-8.11;34.93;30.98;22.09;23.21
10/16/19;00:30:00;0;23.74;100;-8.11;34.91;30.98;22.09;23.18
10/16/19;01:00:00;0;23.62;100;-8.13;34.89;30.95;22.06;23.18
10/16/19;01:30:00;0;23.57;100;-8.13;34.86;30.95;22.06;23.14
10/16/19;02:00:00;0;23.52;100;-8.2;34.84;30.94;22.04;23.13
10/16/19;02:30:00;0;23.52;100;-8.21;34.82;30.94;22.04;23.12
10/16/19;03:00:00;0;23.3;100;-8.21;34.81;30.92;22.02;23.09
10/16/19;03:30:00;0;23.21;100;-8.21;34.79;30.9;22;23.08
10/16/19;04:00:00;0;22.94;100;-8.23;34.77;30.9;22;23.05
10/16/19;04:30:00;0;22.87;100;-8.25;34.75;30.89;21.98;23.04
10/16/19;05:00:00;0;22.9;100;-8.23;34.74;30.87;21.98;23.03
10/16/19;05:30:00;0;22.51;100;-8.25;34.72;30.87;21.98;23.01
10/16/19;06:00:00;0;22.42;100;-8.25;34.72;30.85;21.96;23
10/16/19;06:30:00;0;22.42;100;-8.16;34.7;30.85;21.95;22.99
10/16/19;07:00:00;0;22.39;100;-8.05;34.68;30.84;21.95;22.97
10/16/19;07:30:00;0;22.35;100;-7.98;34.68;30.84;21.93;22.95
10/16/19;08:00:00;0;22.13;100;-7.89;34.68;30.84;21.91;22.93
10/16/19;08:30:00;0;22.03;100;-7.86;34.67;30.81;21.89;22.89
10/16/19;09:00:00;0;21.84;100;-7.8;34.65;30.77;21.85;22.86
10/16/19;09:30:00;0;21.89;100;-7.73;34.63;30.77;21.82;22.8
10/16/19;10:00:00;0;21.82;100;-7.73;34.61;30.74;21.79;22.76
10/16/19;10:30:00;0;21.7;100;-7.52;34.6;30.73;21.77;22.72
10/16/19;11:00:00;0;21.72;100;-7.57;34.6;30.69;21.73;22.7
10/16/19;11:30:00;0;21.58;100;-7.7;34.6;30.69;21.72;22.68
10/16/19;12:00:00;0;21.68;100;-7.5;34.6;30.66;21.68;22.66
10/16/19;12:30:00;0;22.39;100;-7.5;34.58;30.65;21.66;22.62
10/16/19;13:00:00;0;23.4;100;-7.54;34.58;30.63;21.64;22.59
10/16/19;13:30:00;0;24.17;100;-7.57;34.58;30.61;21.62;22.58
10/16/19;14:00:00;0;24.75;100;-7.5;34.56;30.6;21.58;22.55
10/16/19;14:30:00;0;25.45;97.8;-7.52;34.54;30.58;21.57;22.53
10/16/19;15:00:00;0;26.11;94.1;-7.5;34.54;30.56;21.56;22.51
10/16/19;15:30:00;0;26.89;90.8;-7.63;34.56;30.56;21.55;22.51
10/16/19;16:00:00;0;26.65;96.6;-7.68;34.6;30.56;21.55;22.5
10/16/19;16:30:00;0;28.74;93.4;-7.71;34.61;30.55;21.53;22.5
10/16/19;17:00:00;0;28.34;95.8;-7.79;34.65;30.55;21.53;22.51
10/16/19;17:30:00;0;27.23;97.2;-7.8;34.68;30.55;21.52;22.51
10/16/19;18:00:00;0;29.61;91.6;-7.86;34.7;30.55;21.53;22.5
10/16/19;18:30:00;0;28.49;92.3;-7.86;34.68;30.55;21.53;22.5
10/16/19;19:00:00;0;29.39;92.1;-7.88;34.72;30.56;21.53;22.5
10/16/19;19:30:00;0;29.02;92.9;-7.88;34.7;30.55;21.52;22.5
10/16/19;20:00:00;0;29.49;90.3;-7.89;34.72;30.55;21.52;22.49
10/16/19;20:30:00;0;31.41;83.5;-7.93;34.7;30.55;21.52;22.47
10/16/19;21:00:00;0;29.07;88.4;-7.93;34.7;30.55;21.51;22.49
10/16/19;21:30:00;0;28.15;93.8;-7.93;34.68;30.55;21.51;22.47
10/16/19;22:00:00;0;27.43;94.8;-7.95;34.68;30.55;21.51;22.47
10/16/19;22:30:00;0.2;26.48;97.6;-7.98;34.68;30.56;21.51;22.47
10/16/19;23:00:00;0;25.96;99;-7.98;34.67;30.56;21.51;22.47
10/16/19;23:30:00;0;25.53;99.5;-8.02;34.68;30.55;21.51;22.47
10/17/19;00:00:00;0;25.33;99.9;-8.04;34.67;30.56;21.5;22.46
10/17/19;00:30:00;0;25.16;100;-8.04;34.65;30.55;21.5;22.46
10/17/19;01:00:00;0;25.09;100;-8.02;34.65;30.55;21.5;22.46
10/17/19;01:30:00;0;25.11;100;-8;34.65;30.55;21.48;22.46
10/17/19;02:00:00;0;24.99;100;-7.98;34.63;30.56;21.5;22.46
10/17/19;02:30:00;0;24.6;100;-7.98;34.63;30.55;21.48;22.45
10/17/19;03:00:00;0;24.56;100;-8;34.63;30.55;21.48;22.45
10/17/19;03:30:00;0;24.58;100;-8.05;34.63;30.55;21.48;22.45
10/17/19;04:00:00;0;24.44;100;-8.09;34.61;30.53;21.48;22.45
10/17/19;04:30:00;0;24.17;100;-8.09;34.61;30.53;21.47;22.45
10/17/19;05:00:00;0;24.1;100;-8.09;34.6;30.53;21.47;22.45
10/17/19;05:30:00;0;23.76;100;-8.11;34.58;30.53;21.47;22.43
10/17/19;06:00:00;0;23.62;100;-8.09;34.58;30.53;21.47;22.43
10/17/19;06:30:00;0;23.69;100;-8.04;34.58;30.53;21.47;22.43
10/17/19;07:00:00;0;23.81;100;-8.04;34.56;30.53;21.46;22.42
10/17/19;07:30:00;0;23.86;100;-7.96;34.56;30.53;21.45;22.42
10/17/19;08:00:00;0;24.1;100;-7.91;34.56;30.52;21.46;22.41
10/17/19;08:30:00;0;23.93;100;-7.84;34.54;30.52;21.45;22.38
10/17/19;09:00:00;0;23.76;100;-7.75;34.56;30.5;21.41;22.37
10/17/19;09:30:00;0;23.3;100;-7.64;34.53;30.47;21.4;22.33
10/17/19;10:00:00;0;23.06;100;-7.61;34.51;30.45;21.36;22.29
10/17/19;10:30:00;0;23.23;100;-7.48;34.49;30.44;21.33;22.28
10/17/19;11:00:00;0;23.06;100;-7.52;34.49;30.42;21.3;22.26
10/17/19;11:30:00;0;22.99;100;-7.54;34.49;30.39;21.26;22.22
10/17/19;12:00:00;0;23.16;100;-7.5;34.47;30.39;21.25;22.2
10/17/19;12:30:00;0;23.42;100;-7.46;34.46;30.35;21.23;22.18
10/17/19;13:00:00;0;23.57;100;-7.45;34.44;30.35;21.18;22.16
10/17/19;13:30:00;0;24.39;100;-7.46;34.42;30.32;21.17;22.13
10/17/19;14:00:00;0;25.14;99.7;-7.45;34.4;30.31;21.14;22.12
10/17/19;14:30:00;0;25.36;98.1;-7.32;34.39;30.29;21.12;22.11
10/17/19;15:00:00;0;26.38;94.1;-7.46;34.4;30.29;21.1;22.09
10/17/19;15:30:00;0;27.46;95.1;-7.54;34.61;30.27;21.08;22.09
10/17/19;16:00:00;0;28.07;94.8;-7.54;34.74;30.27;21.08;22.09
10/17/19;16:30:00;0;29.29;88.7;-7.64;34.77;30.27;21.08;22.09
10/17/19;17:00:00;0;28.92;91.3;-7.68;34.79;30.27;21.08;22.09
10/17/19;17:30:00;0;28.69;89.1;-7.73;34.79;30.27;21.08;22.09
10/17/19;18:00:00;0;29.07;89.9;-7.77;34.81;30.27;21.08;22.11
10/17/19;18:30:00;0;29.54;88.1;-7.82;34.79;30.27;21.07;22.11
10/17/19;19:00:00;0;29.82;87.6;-7.86;34.79;30.26;21.07;22.11
10/17/19;19:30:00;0;29.87;85.8;-7.91;34.77;30.29;21.07;22.12
10/17/19;20:00:00;0;30.24;86.9;-7.93;34.75;30.27;21.07;22.11
10/17/19;20:30:00;0;33.39;78.2;-7.89;34.74;30.27;21.07;22.12
10/17/19;21:00:00;0;29.82;88.5;-7.88;34.74;30.27;21.07;22.12
10/17/19;21:30:00;0;28.82;91.8;-7.88;34.72;30.29;21.07;22.12
10/17/19;22:00:00;0;28.34;90;-7.89;34.72;30.29;21.07;22.12
10/17/19;22:30:00;0;27.75;94.3;-7.91;34.7;30.29;21.07;22.12
10/17/19;23:00:00;0;27.06;96.4;-7.89;34.7;30.29;21.07;22.12
10/17/19;23:30:00;0;26.57;97.4;-7.89;34.68;30.29;21.07;22.12
10/18/19;00:00:00;0;26.21;97.6;-7.93;34.67;30.29;21.07;22.12
10/18/19;00:30:00;0;25.53;97.6;-7.93;34.67;30.29;21.08;22.12
10/18/19;01:00:00;0;24.94;97.8;-7.95;34.67;30.29;21.07;22.12
10/18/19;01:30:00;0;24.75;98.3;-7.98;34.65;30.29;21.08;22.11
10/18/19;02:00:00;0;24.6;98.6;-7.98;34.65;30.29;21.08;22.11
10/18/19;02:30:00;0;24.92;99.3;-8;34.65;30.29;21.08;22.12
10/18/19;03:00:00;0;25.06;99.6;-8.02;34.63;30.29;21.08;22.12
10/18/19;03:30:00;0;25.04;99.9;-8.02;34.61;30.31;21.08;22.12
10/18/19;04:00:00;0;24.94;99.7;-8.05;34.61;30.29;21.08;22.11
10/18/19;04:30:00;0;24.99;100;-8.05;34.6;30.29;21.07;22.12
10/18/19;05:00:00;0;25.06;100;-8.07;34.58;30.29;21.08;22.12
10/18/19;05:30:00;0;24.85;100;-8.11;34.58;30.29;21.08;22.12
10/18/19;06:00:00;0;24.75;100;-8.11;34.58;30.29;21.07;22.11
10/18/19;06:30:00;0;24.41;100;-8.07;34.56;30.29;21.08;22.11
10/18/19;07:00:00;0;24.39;100;-7.98;34.54;30.29;21.07;22.12
10/18/19;07:30:00;0;24.1;100;-7.95;34.54;30.29;21.08;22.11
10/18/19;08:00:00;0;23.98;100;-7.88;34.54;30.27;21.06;22.09
10/18/19;08:30:00;0;23.91;100;-7.77;34.51;30.26;21.04;22.07
10/18/19;09:00:00;0;23.76;100;-7.71;34.51;30.24;21.02;22.04
10/18/19;09:30:00;0;23.71;100;-7.64;34.49;30.23;20.99;22.03
10/18/19;10:00:00;0;23.4;100;-7.55;34.46;30.19;20.97;22
10/18/19;10:30:00;0;23.28;100;-7.5;34.44;30.18;20.93;21.97
10/18/19;11:00:00;0;23.11;100;-7.48;34.42;30.16;20.91;21.95
10/18/19;11:30:00;0;22.87;100;-7.41;34.4;30.13;20.87;21.93
10/18/19;12:00:00;0;22.97;100;-7.43;34.4;30.13;20.86;21.92
10/18/19;12:30:00;0;23.21;100;-7.39;34.39;30.1;20.82;21.89
10/18/19;13:00:00;0;24.05;100;-7.39;34.35;30.08;20.81;21.88
10/18/19;13:30:00;0;24.82;99.2;-7.39;34.33;30.06;20.79;21.87
10/18/19;14:00:00;0;25.36;98.6;-7.38;34.32;30.05;20.76;21.84
10/18/19;14:30:00;0;26.23;94.8;-7.32;34.3;30.02;20.75;21.83
10/18/19;15:00:00;0;26.72;93.5;-7.71;34.28;30;20.74;21.84
10/18/19;15:30:00;0;27.33;87.7;-7.86;34.26;30;20.75;21.86
10/18/19;16:00:00;0;28.57;89.7;-7.86;34.25;30.02;20.75;21.87
10/18/19;16:30:00;0;29.11;80.6;-7.95;34.23;30.02;20.75;21.88
10/18/19;17:00:00;0;29.44;77.8;-7.95;34.21;30.02;20.75;21.89
10/18/19;17:30:00;0;30.34;83.2;-7.95;34.21;30.02;20.76;21.89
10/18/19;18:00:00;0;29.74;84;-7.95;34.21;30.02;20.76;21.89
10/18/19;18:30:00;0;30.24;87.5;-7.95;34.19;30.02;20.76;21.89
10/18/19;19:00:00;0;30.49;82.6;-7.95;34.18;30.02;20.77;21.89
10/18/19;19:30:00;0;30.32;85;-7.95;34.18;30.03;20.77;21.89
10/18/19;20:00:00;0;30.7;85.7;-7.93;34.16;30.03;20.77;21.89
10/18/19;20:30:00;0;31.64;80;-7.93;34.14;30.03;20.77;21.89
10/18/19;21:00:00;0.2;26.13;94;-7.95;34.16;30.03;20.77;21.91
10/18/19;21:30:00;0.4;25.23;95.6;-7.95;34.14;30.03;20.77;21.91
10/18/19;22:00:00;0.2;25.04;96.8;-7.98;34.14;30.05;20.79;21.89
10/18/19;22:30:00;0;24.75;96.5;-8;34.12;30.03;20.79;21.91
10/18/19;23:00:00;0;24.7;98.1;-8.02;34.11;30.05;20.79;21.91
10/18/19;23:30:00;0;24.65;98;-8;34.11;30.05;20.8;21.91
10/19/19;00:00:00;0;24.44;99.1;-8;34.11;30.05;20.79;21.91
10/19/19;00:30:00;0;24.32;99.4;-8;34.11;30.05;20.79;21.91
10/19/19;01:00:00;0;24.46;99.1;-8;34.09;30.05;20.79;21.91
10/19/19;01:30:00;0;24.48;99.7;-8.02;34.07;30.05;20.8;21.91
10/19/19;02:00:00;0;24.53;99.6;-8.05;34.07;30.05;20.8;21.92
10/19/19;02:30:00;0;24.63;99.3;-8.05;34.07;30.05;20.8;21.91
10/19/19;03:00:00;0;24.48;99.4;-8.04;34.07;30.05;20.8;21.91
10/19/19;03:30:00;0;24.46;99.8;-8.05;34.05;30.05;20.8;21.91
10/19/19;04:00:00;0;24.24;99.8;-8.11;34.04;30.03;20.8;21.92
10/19/19;04:30:00;0;24;99.9;-8.09;34.05;30.05;20.8;21.92
10/19/19;05:00:00;0;23.91;100;-8.11;34.04;30.05;20.8;21.91
10/19/19;05:30:00;0;23.93;100;-8.13;34.02;30.05;20.8;21.92
10/19/19;06:00:00;0;23.93;100;-8.14;34.02;30.05;20.8;21.91
10/19/19;06:30:00;0;24.03;100;-8.11;34.02;30.05;20.8;21.92
10/19/19;07:00:00;0;23.93;100;-8.04;34;30.03;20.8;21.91
10/19/19;07:30:00;0;23.66;100;-7.95;34;30.03;20.8;21.92
10/19/19;08:00:00;0;23.47;100;-7.88;33.98;30.03;20.79;21.91
10/19/19;08:30:00;0;23.52;100;-7.8;34;30.02;20.79;21.89
10/19/19;09:00:00;0;23.59;100;-7.71;33.96;30;20.75;21.86
10/19/19;09:30:00;0;23.23;100;-7.64;33.98;29.98;20.74;21.84
10/19/19;10:00:00;0;22.97;100;-7.55;33.95;29.97;20.71;21.82
10/19/19;10:30:00;0;23.14;100;-7.54;33.93;29.95;20.67;21.79
10/19/19;11:00:00;0;22.99;100;-7.54;33.91;29.94;20.66;21.78
10/19/19;11:30:00;0;22.75;100;-7.5;33.91;29.9;20.63;21.75
10/19/19;12:00:00;0;22.56;100;-7.41;33.89;29.89;20.6;21.72
10/19/19;12:30:00;0;22.94;100;-7.39;33.88;29.85;20.58;21.7
10/19/19;13:00:00;0;23.74;100;-7.5;33.88;29.84;20.56;21.71
10/19/19;13:30:00;0;24.68;100;-7.45;33.84;29.82;20.54;21.68
10/19/19;14:00:00;0;25.62;99.2;-7.61;33.84;29.81;20.53;21.7
10/19/19;14:30:00;0;25.74;98.2;-7.59;33.82;29.81;20.53;21.68
10/19/19;15:00:00;0;26.99;95.5;-7.68;33.82;29.81;20.53;21.71
10/19/19;15:30:00;0;27.51;93.9;-7.68;33.84;29.79;20.53;21.72
10/19/19;16:00:00;0;28.59;88.5;-7.64;33.84;29.81;20.53;21.72
10/19/19;16:30:00;0;28.74;82.6;-7.71;33.84;29.79;20.54;21.72
10/19/19;17:00:00;0;28.27;83.1;-7.77;33.84;29.81;20.53;21.72
10/19/19;17:30:00;0;28.99;82.3;-7.79;33.86;29.81;20.54;21.74
10/19/19;18:00:00;0;29.94;82.5;-7.84;33.84;29.81;20.55;21.74
10/19/19;18:30:00;0;29.11;87.7;-7.8;33.86;29.81;20.54;21.74
10/19/19;19:00:00;0;29.99;88.3;-7.88;33.84;29.82;20.55;21.75
10/19/19;19:30:00;0;29.51;88.9;-7.91;33.84;29.81;20.55;21.75
10/19/19;20:00:00;0;28.47;90.5;-7.93;33.82;29.82;20.55;21.75
10/19/19;20:30:00;0.6;28;92.8;-7.95;33.82;29.82;20.55;21.75
10/19/19;21:00:00;0;27.19;96.2;-7.96;33.81;29.82;20.55;21.75
10/19/19;21:30:00;0;27.31;96.6;-7.98;33.81;29.82;20.56;21.75
10/19/19;22:00:00;0.2;27.41;96.2;-7.98;33.79;29.82;20.56;21.75
10/19/19;22:30:00;0;26.28;98.1;-7.96;33.77;29.84;20.56;21.75
10/19/19;23:00:00;0;26.23;98.8;-7.96;33.79;29.82;20.58;21.76
10/19/19;23:30:00;0;25.94;98.5;-7.98;33.77;29.84;20.56;21.76
10/20/19;00:00:00;0;25.48;98.6;-8;33.75;29.84;20.56;21.75
10/20/19;00:30:00;0;25.43;98.7;-8;33.75;29.84;20.58;21.76
10/20/19;01:00:00;0;25.06;99.2;-8.02;33.75;29.84;20.56;21.76
10/20/19;01:30:00;0;24.68;99.7;-8.04;33.75;29.84;20.58;21.76
10/20/19;02:00:00;0;24.65;99.7;-8.05;33.74;29.84;20.58;21.76
10/20/19;02:30:00;0;24.53;99.9;-8.02;33.72;29.84;20.59;21.76
10/20/19;03:00:00;0;24.29;100;-8.05;33.72;29.84;20.59;21.76
10/20/19;03:30:00;0;24.03;100;-8.05;33.7;29.84;20.58;21.76
10/20/19;04:00:00;0;24.1;100;-8.11;33.7;29.85;20.58;21.78
10/20/19;04:30:00;0;24.24;100;-8.11;33.68;29.84;20.59;21.78
10/20/19;05:00:00;0;24.17;100;-8.14;33.68;29.85;20.58;21.76
10/20/19;05:30:00;0;23.88;100;-8.13;33.68;29.84;20.59;21.78
10/20/19;06:00:00;0;23.88;100;-8.11;33.67;29.84;20.59;21.78
10/20/19;06:30:00;0;23.74;100;-8.07;33.67;29.84;20.59;21.78
10/20/19;07:00:00;0;23.64;100;-8;33.67;29.85;20.6;21.76
10/20/19;07:30:00;0;23.45;100;-7.93;33.65;29.84;20.59;21.76
10/20/19;08:00:00;0;23.62;100;-7.88;33.67;29.84;20.59;21.71
10/20/19;08:30:00;0;23.54;100;-7.8;33.65;29.82;20.58;21.68
10/20/19;09:00:00;0;23.26;100;-7.73;33.63;29.81;20.55;21.66
10/20/19;09:30:00;0;23.3;100;-7.64;33.63;29.79;20.53;21.63
10/20/19;10:00:00;0;22.85;100;-7.59;33.6;29.77;20.5;21.62
10/20/19;10:30:00;0;22.78;100;-7.5;33.6;29.74;20.47;21.59
10/20/19;11:00:00;0;22.54;100;-7.46;33.58;29.74;20.45;21.57
10/20/19;11:30:00;0;22.7;100;-7.43;33.56;29.69;20.42;21.55
10/20/19;12:00:00;0;22.97;100;-7.41;33.56;29.68;20.38;21.53
10/20/19;12:30:00;0;23.38;100;-7.45;33.53;29.66;20.36;21.5
10/20/19;13:00:00;0;24.05;100;-7.46;33.54;29.63;20.34;21.49
10/20/19;13:30:00;0;24.99;99.2;-7.57;33.53;29.63;20.33;21.5
10/20/19;14:00:00;0;25.23;99.3;-7.52;33.53;29.61;20.31;21.49
10/20/19;14:30:00;0;25.94;98.6;-7.77;33.49;29.6;20.31;21.49
10/20/19;15:00:00;0;26.67;95.4;-7.8;33.49;29.6;20.32;21.5
10/20/19;15:30:00;0;27.19;92.9;-7.82;33.49;29.61;20.32;21.51
10/20/19;16:00:00;0;27.97;89.9;-7.82;33.49;29.6;20.33;21.53
10/20/19;16:30:00;0;28.72;89.4;-7.88;33.49;29.61;20.33;21.53
10/20/19;17:00:00;0;29.19;85.5;-7.61;34.46;29.65;20.34;21.5
10/20/19;17:30:00;0;29.39;84.1;-7.84;36.61;30.31;20.43;21.51
10/20/19;18:00:00;0;29.79;85;-7.8;36.58;31.24;20.83;21.54
10/20/19;18:30:00;0;29.21;83.4;-7.86;36.53;31.39;21.75;21.58
10/20/19;19:00:00;0;29.09;86.3;-7.89;36.39;31.4;22.85;21.74
10/20/19;19:30:00;0;28.27;91.9;-7.93;36.32;31.4;23.02;22.14
10/20/19;20:00:00;0;29.09;84.3;-7.77;36.16;31.39;23.02;23.7
10/20/19;20:30:00;0;26.26;95;-7.79;36.09;31.37;22.87;23.86
10/20/19;21:00:00;0.2;26.11;96.6;-7.82;36.04;31.34;22.8;23.8
10/20/19;21:30:00;0;26.26;96.5;-7.86;35.96;31.32;22.71;23.74
10/20/19;22:00:00;0.2;25.67;98.1;-7.88;35.91;31.29;22.64;23.67
10/20/19;22:30:00;1;24.1;98.8;-7.89;35.88;31.26;22.58;23.59
10/20/19;23:00:00;16;23.38;100;-7.91;35.84;31.24;22.53;23.53
10/20/19;23:30:00;3.2;23.3;100;-7.89;35.81;31.23;22.48;23.46
10/21/19;00:00:00;2;23.06;100;-7.93;35.77;31.21;22.43;23.41
10/21/19;00:30:00;1.2;22.92;100;-7.89;35.79;31.19;22.4;23.38
10/21/19;01:00:00;0.6;22.85;100;-7.88;35.79;31.18;22.38;23.32
10/21/19;01:30:00;0.2;22.92;100;-7.91;35.75;31.16;22.34;23.28
10/21/19;02:00:00;0;22.92;100;-7.93;35.75;31.16;22.33;23.22
10/21/19;02:30:00;0;22.94;100;-7.95;35.72;31.15;22.31;23.2
10/21/19;03:00:00;0;22.97;100;-7.98;35.7;31.15;22.29;23.17
10/21/19;03:30:00;0;22.92;100;-8.02;35.68;31.13;22.28;23.13
10/21/19;04:00:00;0;22.97;100;-8.02;35.63;31.11;22.26;23.12
10/21/19;04:30:00;0;22.97;100;-8.02;35.63;31.1;22.26;23.09
10/21/19;05:00:00;0;22.97;100;-8.05;35.6;31.08;22.23;23.07
10/21/19;05:30:00;0;22.99;100;-8.07;35.58;31.08;22.22;23.05
10/21/19;06:00:00;0.2;22.99;100;-8.04;35.56;31.06;22.2;23.03
10/21/19;06:30:00;0.4;22.97;100;-8.04;35.54;31.05;22.18;23
10/21/19;07:00:00;0;22.75;100;-8.02;35.53;31.03;22.16;22.99
10/21/19;07:30:00;0;22.73;100;-7.96;35.51;31.03;22.15;22.96
10/21/19;08:00:00;0;22.58;100;-7.95;35.51;31.03;22.12;22.95
10/21/19;08:30:00;0;22.56;100;-7.95;35.49;31;22.12;22.93
10/21/19;09:00:00;0;22.51;100;-7.93;35.49;31;22.1;22.91
10/21/19;09:30:00;0;22.56;100;-7.89;35.49;30.98;22.07;22.87
10/21/19;10:00:00;0;22.58;100;-7.88;35.47;30.97;22.04;22.84
10/21/19;10:30:00;0;22.49;100;-7.86;35.46;30.94;22.01;22.8
10/21/19;11:00:00;0;22.32;100;-7.82;35.46;30.94;21.99;22.78
10/21/19;11:30:00;0;22.32;100;-7.77;35.44;30.92;21.96;22.76
10/21/19;12:00:00;0;22.49;100;-7.79;35.42;30.9;21.94;22.72
10/21/19;12:30:00;0;22.82;100;-7.82;35.42;30.89;21.93;22.71
10/21/19;13:00:00;0;23.16;100;-7.77;35.42;30.87;21.9;22.68
10/21/19;13:30:00;0;23.59;100;-7.79;35.42;30.85;21.88;22.67
10/21/19;14:00:00;0;23.81;100;-7.82;35.4;30.84;21.87;22.66
10/21/19;14:30:00;0;24.17;100;-7.8;35.4;30.82;21.85;22.63
10/21/19;15:00:00;0;24.56;100;-7.84;35.4;30.81;21.84;22.63
10/21/19;15:30:00;0;24.85;100;-7.89;35.39;30.82;21.83;22.63
10/21/19;16:00:00;0;25.26;100;-7.91;35.37;30.81;21.83;22.63
10/21/19;16:30:00;0;25.23;100;-7.93;35.37;30.79;21.83;22.62
10/21/19;17:00:00;0;25.91;99.4;-7.93;35.37;30.79;21.82;22.61
10/21/19;17:30:00;0;26.38;99.3;-7.95;35.37;30.79;21.82;22.61
10/21/19;18:00:00;0;26.06;99;-7.96;35.37;30.79;21.8;22.59
10/21/19;18:30:00;0;25.57;99.4;-8;35.35;30.79;21.8;22.59
10/21/19;19:00:00;0;26.4;98.3;-8.02;35.35;30.77;21.8;22.59
10/21/19;19:30:00;0;25.96;97.9;-8.04;35.33;30.77;21.79;22.58
10/21/19;20:00:00;0;25.87;98.1;-8.04;35.32;30.77;21.79;22.57
10/21/19;20:30:00;0;25.74;98.4;-8.02;35.3;30.76;21.78;22.55
10/21/19;21:00:00;0;25.11;98.2;-8.04;35.3;30.77;21.77;22.55
10/21/19;21:30:00;0.2;25.14;99.1;-8.05;35.3;30.77;21.77;22.55
10/21/19;22:00:00;0;24.82;99.6;-8.07;35.28;30.76;21.77;22.55
10/21/19;22:30:00;0;24.75;99.7;-8.07;35.26;30.76;21.77;22.54
10/21/19;23:00:00;0;24.58;100;-8.09;35.26;30.76;21.75;22.53
10/21/19;23:30:00;0.2;24.36;100;-8.11;35.25;30.74;21.74;22.54
10/22/19;00:00:00;0;24.1;100;-8.13;35.23;30.74;21.75;22.53
10/22/19;00:30:00;0;23.88;100;-8.13;35.23;30.74;21.74;22.53
10/22/19;01:00:00;0;23.74;100;-8.11;35.21;30.74;21.74;22.53
10/22/19;01:30:00;0;23.57;100;-8.14;35.21;30.73;21.73;22.53
10/22/19;02:00:00;0;23.52;100;-8.16;35.19;30.73;21.73;22.51
10/22/19;02:30:00;0;23.62;100;-8.14;35.18;30.73;21.73;22.51
10/22/19;03:00:00;0;23.47;100;-8.16;35.18;30.73;21.73;22.5
10/22/19;03:30:00;0;23.26;100;-8.16;35.16;30.71;21.72;22.51
10/22/19;04:00:00;0;23.14;100;-8.2;35.16;30.71;21.72;22.5
10/22/19;04:30:00;0;22.97;100;-8.23;35.12;30.69;21.71;22.49
10/22/19;05:00:00;0;22.9;100;-8.25;35.11;30.69;21.71;22.49
10/22/19;05:30:00;0;22.82;100;-8.25;35.11;30.69;21.69;22.47
10/22/19;06:00:00;0;22.61;100;-8.25;35.09;30.69;21.69;22.47
10/22/19;06:30:00;0;22.73;100;-8.21;35.09;30.68;21.68;22.47
10/22/19;07:00:00;0;22.7;100;-8.13;35.09;30.68;21.68;22.46
10/22/19;07:30:00;0;22.54;100;-8.02;35.09;30.68;21.67;22.46
10/22/19;08:00:00;0;22.42;100;-7.95;35.07;30.68;21.66;22.43
10/22/19;08:30:00;0;22.39;100;-7.89;35.05;30.65;21.64;22.41
10/22/19;09:00:00;0;22.27;100;-7.82;35.05;30.65;21.61;22.37
10/22/19;09:30:00;0;22.25;100;-7.71;35.04;30.61;21.57;22.33
10/22/19;10:00:00;0;22.06;100;-7.7;35;30.58;21.53;22.3
10/22/19;10:30:00;0;21.75;100;-7.64;35;30.56;21.5;22.28
10/22/19;11:00:00;0;21.58;100;-7.61;34.98;30.53;21.47;22.24
10/22/19;11:30:00;0;21.53;100;-7.55;34.96;30.52;21.42;22.21
10/22/19;12:00:00;0;21.49;100;-7.5;34.96;30.48;21.39;22.17
10/22/19;12:30:00;0;22.03;100;-7.5;34.95;30.47;21.35;22.16
10/22/19;13:00:00;0;22.66;100;-7.48;34.93;30.44;21.33;22.13
10/22/19;13:30:00;0;23.98;100;-7.63;34.91;30.42;21.31;22.12
10/22/19;14:00:00;0;24.41;100;-7.7;34.91;30.4;21.3;22.12
10/22/19;14:30:00;0;25.14;99.6;-7.73;34.91;30.4;21.29;22.12
10/22/19;15:00:00;0;25.87;95.8;-7.77;34.91;30.4;21.29;22.13
10/22/19;15:30:00;0;26.7;90;-7.77;34.89;30.39;21.28;22.12
10/22/19;16:00:00;0;27.09;93.5;-7.77;34.88;30.39;21.28;22.12
10/22/19;16:30:00;0;27.58;89.3;-7.79;34.88;30.39;21.26;22.12
10/22/19;17:00:00;0;27.97;90.8;-7.79;34.86;30.39;21.26;22.13
10/22/19;17:30:00;0;28.52;87.2;-7.82;34.86;30.39;21.26;22.12
10/22/19;18:00:00;0;28.77;89.1;-7.84;34.84;30.39;21.26;22.12
10/22/19;18:30:00;0;29.66;87.3;-7.86;34.82;30.39;21.26;22.13
10/22/19;19:00:00;0;29.19;91.4;-7.91;34.82;30.39;21.26;22.13
10/22/19;19:30:00;0;27.73;92.1;-7.96;34.81;30.39;21.26;22.12
10/22/19;20:00:00;0;27.31;94.1;-7.98;34.81;30.39;21.26;22.13
10/22/19;20:30:00;0;26.67;94.9;-8.02;34.79;30.39;21.25;22.13
10/22/19;21:00:00;0;26.35;96.4;-8.04;34.79;30.39;21.26;22.13
10/22/19;21:30:00;0;26.6;95.6;-8.04;34.77;30.39;21.26;22.13
10/22/19;22:00:00;0;26.23;95.7;-8.05;34.75;30.39;21.26;22.13
10/22/19;22:30:00;0;25.96;96.3;-8.07;34.74;30.39;21.25;22.13
10/22/19;23:00:00;0;25.84;97.3;-8.07;34.74;30.39;21.25;22.13
10/22/19;23:30:00;0;25.55;97.5;-8.07;34.72;30.39;21.25;22.13
10/23/19;00:00:00;0;25.33;97.9;-8.07;34.7;30.39;21.25;22.13
10/23/19;00:30:00;0;24.94;98.1;-8.09;34.7;30.39;21.26;22.13
10/23/19;01:00:00;0;24.53;98.3;-8.09;34.68;30.39;21.25;22.13
10/23/19;01:30:00;0;24.12;98.3;-8.11;34.67;30.37;21.26;22.13
10/23/19;02:00:00;0;23.69;98.6;-8.07;34.67;30.39;21.25;22.13
10/23/19;02:30:00;0;23.83;99.4;-8.09;34.67;30.39;21.25;22.13
10/23/19;03:00:00;0;23.59;99.6;-8.07;34.65;30.39;21.25;22.13
10/23/19;03:30:00;0;23.42;99.4;-8.07;34.63;30.39;21.25;22.12
10/23/19;04:00:00;0;23.33;99.8;-8.07;34.63;30.37;21.25;22.13
10/23/19;04:30:00;0;23.21;100;-8.09;34.63;30.39;21.25;22.13
10/23/19;05:00:00;0;23.09;100;-8.11;34.61;30.37;21.24;22.12
10/23/19;05:30:00;0;23.38;100;-8.13;34.61;30.37;21.25;22.13
10/23/19;06:00:00;0;23.14;100;-8.11;34.6;30.37;21.25;22.12
10/23/19;06:30:00;0;23.04;100;-8.07;34.6;30.37;21.24;22.12
10/23/19;07:00:00;0;22.99;100;-8.04;34.58;30.37;21.23;22.13
10/23/19;07:30:00;0;22.87;100;-7.96;34.58;30.35;21.23;22.12
10/23/19;08:00:00;0;22.99;100;-7.88;34.58;30.35;21.23;22.11
10/23/19;08:30:00;0;23.09;100;-7.82;34.56;30.32;21.2;22.07
10/23/19;09:00:00;0;23.04;100;-7.71;34.54;30.32;21.17;22.04
10/23/19;09:30:00;0;23.14;100;-7.7;34.53;30.29;21.15;22.01
10/23/19;10:00:00;0;23.09;100;-7.59;34.51;30.27;21.12;21.97
10/23/19;10:30:00;0;22.87;100;-7.55;34.49;30.24;21.08;21.96
10/23/19;11:00:00;0;22.92;100;-7.63;34.49;30.23;21.07;21.95
10/23/19;11:30:00;0;22.75;100;-7.68;34.47;30.21;21.04;21.93
10/23/19;12:00:00;0;22.85;100;-7.66;34.47;30.19;21.03;21.92
10/23/19;12:30:00;0;23.14;100;-7.54;34.47;30.18;20.99;21.89
10/23/19;13:00:00;0;23.59;100;-7.59;34.44;30.15;20.97;21.87
10/23/19;13:30:00;0;24.48;99.9;-7.54;34.4;30.13;20.94;21.86
10/23/19;14:00:00;0;25.23;98.4;-7.66;34.39;30.11;20.92;21.84
10/23/19;14:30:00;0;25.65;95.4;-7.68;34.37;30.1;20.92;21.84
10/23/19;15:00:00;0;27.19;94;-7.71;34.37;30.1;20.91;21.86
10/23/19;15:30:00;0;26.79;93.2;-7.8;34.37;30.1;20.91;21.87
10/23/19;16:00:00;0;28.34;87.8;-7.77;34.37;30.1;20.91;21.87
10/23/19;16:30:00;0;28.05;92.1;-7.82;34.35;30.1;20.92;21.87
10/23/19;17:00:00;0;28.2;89.6;-7.86;34.35;30.08;20.91;21.88
10/23/19;17:30:00;0;27.55;93.3;-7.91;34.35;30.1;20.91;21.88
10/23/19;18:00:00;0;28.47;89.8;-7.93;34.35;30.1;20.92;21.88
10/23/19;18:30:00;0;27.83;91;-7.96;34.33;30.1;20.91;21.89
10/23/19;19:00:00;0;28.84;87.1;-7.96;34.33;30.1;20.91;21.89
10/23/19;19:30:00;0;28.92;87.4;-7.98;34.33;30.1;20.92;21.89
10/23/19;20:00:00;0;27.68;91.5;-7.98;34.33;30.1;20.91;21.89
10/23/19;20:30:00;0;27.55;91.5;-7.98;34.32;30.11;20.92;21.91
10/23/19;21:00:00;0.2;26.55;94.5;-8;34.3;30.1;20.92;21.89
10/23/19;21:30:00;0.2;26.79;95.7;-8.02;34.3;30.1;20.92;21.89
10/23/19;22:00:00;0.2;26.7;96.3;-8.02;34.3;30.11;20.91;21.91
10/23/19;22:30:00;0;25.89;97.6;-8.05;34.3;30.11;20.92;21.89
10/23/19;23:00:00;0;25.45;97.8;-8.05;34.28;30.11;20.92;21.91
10/23/19;23:30:00;0;25.06;98.1;-8.04;34.28;30.11;20.93;21.91
10/24/19;00:00:00;0;24.53;98.2;-8.04;34.26;30.13;20.92;21.91
10/24/19;00:30:00;0;24.39;98.9;-8.05;34.25;30.11;20.92;21.89
10/24/19;01:00:00;0;24.29;99.2;-8.05;34.26;30.1;20.92;21.91
10/24/19;01:30:00;0;24.15;99.2;-8.09;34.26;30.11;20.92;21.91
10/24/19;02:00:00;0;24;99.4;-8.13;34.25;30.11;20.93;21.91
10/24/19;02:30:00;0;23.93;99.7;-8.16;34.25;30.11;20.93;21.91
10/24/19;03:00:00;0;23.74;99.8;-8.16;34.25;30.11;20.92;21.91
10/24/19;03:30:00;0;23.42;100;-8.18;34.25;30.11;20.92;21.91
10/24/19;04:00:00;0;23.45;100;-8.18;34.25;30.11;20.92;21.91
10/24/19;04:30:00;0;23.35;100;-8.21;34.19;30.11;20.93;21.91
10/24/19;05:00:00;0.2;23.3;100;-8.23;34.19;30.1;20.92;21.92
10/24/19;05:30:00;0;23.3;100;-8.2;34.18;30.1;20.93;21.91
10/24/19;06:00:00;0;23.21;100;-8.16;34.18;30.1;20.93;21.91
10/24/19;06:30:00;0;23.33;100;-8.11;34.19;30.1;20.92;21.91
10/24/19;07:00:00;0.2;23.14;100;-8;34.19;30.1;20.92;21.91
10/24/19;07:30:00;0;22.82;100;-7.96;34.19;30.11;20.92;21.91
10/24/19;08:00:00;0;22.63;100;-7.88;34.21;30.1;20.92;21.89
10/24/19;08:30:00;0;22.58;100;-7.8;34.21;30.1;20.91;21.88
10/24/19;09:00:00;0;22.32;100;-7.77;34.19;30.06;20.9;21.86
10/24/19;09:30:00;0;22.27;100;-7.71;34.19;30.06;20.86;21.83
10/24/19;10:00:00;0;22.01;100;-7.61;34.18;30.03;20.85;21.8
10/24/19;10:30:00;0;22.01;100;-7.55;34.16;30.02;20.81;21.78
10/24/19;11:00:00;0;21.91;100;-7.66;34.16;29.98;20.8;21.78
10/24/19;11:30:00;0;22.11;100;-7.64;34.16;29.98;20.79;21.76
10/24/19;12:00:00;0;22.2;100;-7.5;34.14;29.95;20.75;21.74
10/24/19;12:30:00;0;22.97;100;-7.55;34.12;29.94;20.72;21.72
10/24/19;13:00:00;0;23.71;100;-7.46;34.11;29.9;20.71;21.71
10/24/19;13:30:00;0;24.39;100;-7.46;34.09;29.9;20.67;21.68
10/24/19;14:00:00;0;25.09;100;-7.39;34.09;29.87;20.67;21.67
10/24/19;14:30:00;0;25.57;96.9;-7.39;34.05;29.85;20.64;21.67
10/24/19;15:00:00;0;25.84;97.7;-7.39;34.04;29.84;20.63;21.66
10/24/19;15:30:00;0;26.79;90.9;-7.23;34.05;29.84;20.63;21.67
10/24/19;16:00:00;0;27.87;89.3;-7.34;36.84;30.65;20.72;21.68
10/24/19;16:30:00;0;27.8;93.1;-7.41;36.79;31.6;23.71;23.18
10/24/19;17:00:00;0;27.14;93.8;-7.68;36.53;31.65;23.98;26.22
10/24/19;17:30:00;0;28.15;93.1;-7.73;36.3;31.6;23.62;25.58
10/24/19;18:00:00;0;28.82;83.8;-7.8;36.14;31.55;23.41;25.12
10/24/19;18:30:00;0;29.14;90.8;-7.82;36.04;31.52;23.24;24.61
10/24/19;19:00:00;0;28.79;91;-7.8;35.93;31.48;23.1;24.16
10/24/19;19:30:00;0;30.17;87.8;-7.84;35.84;31.44;22.94;23.78
10/24/19;20:00:00;0;30.62;86.1;-7.82;35.77;31.4;22.87;23.62
10/24/19;20:30:00;0;31.23;81.6;-7.84;35.72;31.39;22.8;23.54
10/24/19;21:00:00;0;31;83.2;-7.84;35.67;31.34;22.74;23.5
10/24/19;21:30:00;11;27.58;95.9;-7.86;35.63;31.31;22.67;23.43
10/24/19;22:00:00;20;26.06;98.8;-7.84;35.6;31.29;22.64;23.38
10/24/19;22:30:00;8.8;23.21;100;-7.86;35.58;31.26;22.6;23.32
10/24/19;23:00:00;4.2;23.06;100;-7.88;35.56;31.24;22.56;23.29
10/24/19;23:30:00;1;22.99;100;-7.89;35.53;31.23;22.53;23.25
;;;;;;;;;
;;;;;;;;;
;;;;;;;;;
;;;;;;;;;
;;;;;;;;;
;;;;;;;;;
;;;;;;;;;
;;;;;;;;;
;;;;;;;;;
;;;;;;;;;
;;;;;;;;;
;;;;;;;;;
;;;;;;;;;
;;;;;;;;;
;;;;;;;;;
;;;;;;;;;
;;;;;;;;;
;;;;;;;;;
;;;;;;;;;
;;;;;;;;;
;;;;;;;;;
;;;;;;;;;
;;;;;;;;;
;;;;;;;;;
;;;;;;;;;
;;;;;;;;;
;;;;;;;;;
;;;;;;;;;
;;;;;;;;;
;;;;;;;;;
;;;;;;;;;
;;;;;;;;;
;;;;;;;;;
;;;;;;;;;
;;;;;;;;;
;;;;;;;;;
;;;;;;;;;
;;;;;;;;;
;;;;;;;;;
;;;;;;;;;
;;;;;;;;;
;;;;;;;;;
;;;;;;;;;
;;;;;;;;;
;;;;;;;;;
;;;;;;;;;
;;;;;;;;;
;;;;;;;;;
;;;;;;;;;
;;;;;;;;;
;;;;;;;;;
;;;;;;;;;
;;;;;;;;;
;;;;;;;;;
;;;;;;;;;
;;;;;;;;;
;;;;;;;;;
;;;;;;;;;
;;;;;;;;;
;;;;;;;;;
;;;;;;;;;
;;;;;;;;;
;;;;;;;;;
;;;;;;;;;
;;;;;;;;;
;;;;;;;;;
;;;;;;;;;
;;;;;;;;;
;;;;;;;;;
;;;;;;;;;
;;;;;;;;;
;;;;;;;;;
;;;;;;;;;
;;;;;;;;;
;;;;;;;;;
;;;;;;;;;
;;;;;;;;;
;;;;;;;;;
;;;;;;;;;
;;;;;;;;;
;;;;;;;;;
;;;;;;;;;
;;;;;;;;;
;;;;;;;;;
;;;;;;;;;
;;;;;;;;;
;;;;;;;;;
;;;;;;;;;
;;;;;;;;;
;;;;;;;;;
;;;;;;;;;
;;;;;;;;;
;;;;;;;;;
;;;;;;;;;
;;;;;;;;;
;;;;;;;;;
;;;;;;;;;
;;;;;;;;;
;;;;;;;;;
;;;;;;;;;
;;;;;;;;;
;;;;;;;;;
;;;;;;;;;
;;;;;;;;;
;;;;;;;;;
;;;;;;;;;
;;;;;;;;;
;;;;;;;;;
;;;;;;;;;
;;;;;;;;;
;;;;;;;;;
;;;;;;;;;
;;;;;;;;;
;;;;;;;;;
;;;;;;;;;
;;;;;;;;;
;;;;;;;;;
;;;;;;;;;
;;;;;;;;;
;;;;;;;;;
;;;;;;;;;
;;;;;;;;;
;;;;;;;;;
;;;;;;;;;
;;;;;;;;;
;;;;;;;;;
;;;;;;;;;
;;;;;;;;;
;;;;;;;;;
;;;;;;;;;
;;;;;;;;;
;;;;;;;;;
;;;;;;;;;
;;;;;;;;;
;;;;;;;;;
;;;;;;;;;
;;;;;;;;;
;;;;;;;;;
;;;;;;;;;
;;;;;;;;;
;;;;;;;;;
;;;;;;;;;
;;;;;;;;;
;;;;;;;;;
;;;;;;;;;
;;;;;;;;;
;;;;;;;;;
;;;;;;;;;
;;;;;;;;;
;;;;;;;;;
;;;;;;;;;
;;;;;;;;;
;;;;;;;;;
;;;;;;;;;
;;;;;;;;;
;;;;;;;;;
;;;;;;;;;
;;;;;;;;;
;;;;;;;;;
;;;;;;;;;
;;;;;;;;;
;;;;;;;;;
;;;;;;;;;
;;;;;;;;;
;;;;;;;;;
;;;;;;;;;
;;;;;;;;;
;;;;;;;;;
;;;;;;;;;
;;;;;;;;;
;;;;;;;;;
;;;;;;;;;
;;;;;;;;;
;;;;;;;;;
;;;;;;;;;
;;;;;;;;;
;;;;;;;;;
;;;;;;;;;
;;;;;;;;;
;;;;;;;;;
;;;;;;;;;
;;;;;;;;;
;;;;;;;;;
;;;;;;;;;
;;;;;;;;;
;;;;;;;;;
;;;;;;;;;
;;;;;;;;;
;;;;;;;;;
;;;;;;;;;
;;;;;;;;;
;;;;;;;;;
;;;;;;;;;
;;;;;;;;;
;;;;;;;;;
;;;;;;;;;
;;;;;;;;;
;;;;;;;;;
;;;;;;;;;
;;;;;;;;;
;;;;;;;;;
;;;;;;;;;
;;;;;;;;;
;;;;;;;;;
;;;;;;;;;
;;;;;;;;;
;;;;;;;;;
;;;;;;;;;
;;;;;;;;;
;;;;;;;;;
;;;;;;;;;
;;;;;;;;;
;;;;;;;;;
;;;;;;;;;
;;;;;;;;;
;;;;;;;;;
;;;;;;;;;
;;;;;;;;;
;;;;;;;;;
;;;;;;;;;
;;;;;;;;;
;;;;;;;;;
;;;;;;;;;
;;;;;;;;;
;;;;;;;;;
;;;;;;;;;
;;;;;;;;;
;;;;;;;;;
;;;;;;;;;
;;;;;;;;;
;;;;;;;;;
;;;;;;;;;
;;;;;;;;;
;;;;;;;;;
;;;;;;;;;
;;;;;;;;;
;;;;;;;;;
;;;;;;;;;
;;;;;;;;;
;;;;;;;;;
;;;;;;;;;
;;;;;;;;;
;;;;;;;;;
;;;;;;;;;
;;;;;;;;;
;;;;;;;;;
;;;;;;;;;
;;;;;;;;;
;;;;;;;;;
;;;;;;;;;
;;;;;;;;;
;;;;;;;;;
;;;;;;;;;
;;;;;;;;;
;;;;;;;;;
;;;;;;;;;
;;;;;;;;;
;;;;;;;;;
;;;;;;;;;
;;;;;;;;;
;;;;;;;;;
;;;;;;;;;
;;;;;;;;;
;;;;;;;;;
;;;;;;;;;
;;;;;;;;;
;;;;;;;;;
;;;;;;;;;
;;;;;;;;;
;;;;;;;;;
;;;;;;;;;
;;;;;;;;;
;;;;;;;;;
;;;;;;;;;
;;;;;;;;;
;;;;;;;;;
;;;;;;;;;
;;;;;;;;;
;;;;;;;;;
;;;;;;;;;
;;;;;;;;;
;;;;;;;;;
;;;;;;;;;
;;;;;;;;;
;;;;;;;;;
;;;;;;;;;
;;;;;;;;;
;;;;;;;;;
